{
  "$schema": "http://json-schema.org/draft-04/schema",
  "type": "object",
  "javaType": "com.medibank.digital.api.model.RegisterUserRequest",
  "description": "Register a new user",
  "properties": {
    "policyNum": { "type": "string"},
    "firstName": { "type": "string"},
    "lastName": { "type": "string"},
    "dob": { "type": "string", "format": "date"},
    "email": { "type": "string"},
    "password": { "type": "string"},
    "emailOverride": { "type": "boolean"},
    "r1UserId": { "type": "string"}
  },
  "required": ["policyNum","firstName","lastName","dob","email","password"]
}
