{
  "$schema"  : "http://json-schema.org/draft-04/schema",
  "type"     : "object",
  "javaType" : "com.medibank.digital.api.model.rightcover.Page",

  "required" : [ "id" ],

  "properties" : {
    "id"          : { "type" : "string"  },
    "index"       : { "type" : "integer" },
    "description" : { "type" : "string"  },
    "disclaimer"  : { "type" : "string"  },
    "help"        : { "type" : "string"  },
    "intro"       : { "type" : "string"  },
    "prettyUrl"   : { "type" : "string"  },
    "style"       : { "type" : "string"  },
    "subtitle"    : { "type" : "string"  },
    "target"      : { "type" : "string"  },
    "title"       : { "type" : "string"  },
    "priceTitle"  : { "type" : "string"  },
    "ctaTitle"    : { "type" : "string"  },
    "pagesLeft"   : { "type" : "integer" },

    "primaryCallToAction"   : { "$ref" : "#/callToAction" },
    "secondaryCallToAction" : { "$ref" : "#/callToAction" },

    "questions" : {
      "type"  : "array",
      "items" : { "$ref" : "#/question" }
    },

    "actions" : {
      "type"  : "array",
      "items" : { "$ref" : "#/action" }
    },

    "persons" : {
      "type"  : "array",
      "items" : { "$ref" : "person" }
    },

    "responses" :  {
      "type"  : "array",
      "items" : { "type" : "string" }
    },

    "hospital" : { "$ref" : "product" },
    "extras"   : { "$ref" : "product" }

  },

  "action" : {
    "type"       : "object",
    "javaType"   : "com.medibank.digital.api.model.rightcover.Action",
    "properties" : {

      "help"  : { "type" : "string"  },
      "id"    : { "type" : "string"  },
      "index" : { "type" : "integer" },
      "style" : { "type" : "string"  },
      "text"  : { "type" : "string"  }

    }
  },

  "question" : {
    "type"       : "object",
    "javaType"   : "com.medibank.digital.api.model.rightcover.Question",
    "properties" : {

      "default"      : { "type" : "string"  },
      "help"         : { "type" : "string"  },
      "id"           : { "type" : "string"  },
      "index"        : { "type" : "integer" },
      "placeholder"  : { "type" : "string"  },
      "required"     : { "type" : "boolean" },
      "style"        : { "type" : "string"  },
      "text"         : { "type" : "string"  },
      "type"         : { "type" : "string"  },
      "config"       : { "$ref" : "map"     },
      "options"      : {
        "type"  : "array",
        "items" : { "$ref": "#/option" }
      }
    }
  },

  "option" : {
    "type"       : "object",
    "javaType"   : "com.medibank.digital.api.model.rightcover.Option",
    "properties" : {

      "id"    : { "type" : "string"  },
      "index" : { "type" : "integer" },
      "value" : { "type" : "string"  },
      "text"  : { "type" : "string"  }

    }
  },

  "callToAction" : {
    "type"       : "object",
    "javaType"   : "com.medibank.digital.api.model.rightcover.CallToAction",
    "properties" : {
      "title" : { "type" : "string"  },
      "text"  : { "type" : "string"  },
      "url"   : { "type" : "string"  }
    }
  }
}