{
  "$schema"  : "http://json-schema.org/draft-04/schema",
  "type"     : "object",
  "javaType" : "com.medibank.digital.api.model.rightcover.Product",

  "properties" : {

    "id"          : { "type" : "string"  },
    "index"       : { "type" : "integer" },
    "shortCode"   : { "type" : "string"  },
    "productName" : { "type" : "string"  },
    "productType" : { "type" : "string"  },
    "title"       : { "type" : "string"  },
    "description" : { "type" : "string"  },
    "priceWeek"   : { "type" : "string"  },
    "priceMonth"  : { "type" : "string"  },
    "url"         : { "type" : "string"  },

    "categories" : {
      "type"  : "array",
      "items" : { "$ref" : "#/category" }
    }

  },

  "additionalProperties" : false,


  "category" : {
    "type"       : "object",
    "javaType"   : "com.medibank.digital.api.model.rightcover.Category",
    "properties" : {

      "id"          : { "type" : "string"  },
      "index"       : { "type" : "integer" },
      "title"       : { "type" : "string"  },
      "description" : { "type" : "string"  },
      "whyTitle"    : { "type" : "string"  },

      "whyText"     : {
        "type"  : "array",
        "items" : { "type" : "string"  }
      }

    },

    "additionalProperties" : false
  }
}