{  
    "$schema": "http://json-schema.org/draft-04/schema",

    "agrApplicantMember":{
        "type":"object",
        "javaType":"com.medibank.digital.api.model.AgrApplicantMember",
        "extends":{"$ref":"member"},
        "properties":{
            "dependantIndicator":{"type":"string"},
            "applicantStartDate":{"type":"string","pattern":"^[0-9]{4}-[0-9]{2}-[0-9]{2}"},
            "applicantEndDate":{"type":"string","pattern":"^[0-9]{4}-[0-9]{2}-[0-9]{2}"}
            }
    },

   "type":"object",
   "javaType":"com.medibank.digital.api.model.AgrRegistrationRequest",
   "properties":{
           "endDate": { "type":"string","pattern":"^[0-9]{4}-[0-9]{2}-[0-9]{2}"},
           "lodgementDate": { "type":"string","pattern":"^[0-9]{4}-[0-9]{2}-[0-9]{2}"},
           "agrIncomeTier":{"$ref":"agrIncomeTier"},
           "userCovered":{"type":"boolean"},
           "allMembersOnMedicare":{"type":"boolean"},
           "readAndUnderstand":{"type":"boolean"},
           "applicant":{
            "type":"object", 
            "javaType":"com.medibank.digital.api.model.AgrApplicant",
            "properties":{
                "individual":{"$ref":"individual"},
                "memberIndicator":{"type":"string"},
                "applicantStartDate":{"type":"string","pattern":"^[0-9]{4}-[0-9]{2}-[0-9]{2}"},
                "applicantEndDate":{"type":"string","pattern":"^[0-9]{4}-[0-9]{2}-[0-9]{2}"},
                "residentialAddress":{"$ref":"address"},
                "mailingAddress":{"$ref":"address"},
                "phone":{"$ref":"phone"}
            }
        },
        "members":{
            "type":"array",
            "items":{"$ref":"#/agrApplicantMember"}
        }
    }
}
