{
  "$schema": "http://json-schema.org/draft-04/schema",
  "type": "object",
  "javaType": "com.medibank.digital.api.model.AmountToPay",
  "description": "Possible payments to pay cover up to a particular date",

  "paymentOption":{
    "type":"object",
    "javaType":"com.medibank.digital.api.model.PaymentOption",
    "properties":{
      "effectiveDate": {"type":"string", "format": "date"},
      "paymentDate": {"type":"string", "format": "date"},
      "datePaidTo": {"type":"string", "format": "date"},
      "paymentAmount": {"type": "number"}
    }
  },

  "properties": {
    "current": {
      "type": "array",
      "items": { "$ref": "#/paymentOption" }
    },
    "future": {
      "type": "array",
      "items": { "$ref": "#/paymentOption" }
    }
  }
}

