{
    "$schema":"http://json-schema.org/draft-04/schema",
        "type":"object", 
        "javaType":"com.medibank.digital.api.model.AusGovRebate",
        "properties":{
            "effectiveAGR":{"type":"string"},
            "registrationStatus":{"type":"string"},
            "agrPercentage":{"type":"string"},
            "registrationEffectiveFromDate":{
                      "type":"string","pattern":"^[0-9]{4}-[0-9]{2}-[0-9]{2}"},
            "registrationEffectiveToDate":{
                      "type":"string","pattern":"^[0-9]{4}-[0-9]{2}-[0-9]{2}"},
            "agrIncomeTier":{
                "type":"object", 
                "javaType":"com.medibank.digital.api.model.AgrIncomeTier",
                "properties":{
                    "incomeType":{"type":"string"},
                    "incomeTier":{"type":"string"}
                }
            }
        }
}
