{
  "$schema": "http://json-schema.org/draft-04/schema",
  "coverTypeVersionLimitGroup": {
    "type": "object",
    "javaType": "com.medibank.digital.api.model.CoverTypeVersionLimitGroup",
    "properties": {
      "coverTypeVersionLimitGroupCode": {
        "type": "string"
      },
      "coverTypeVersionLimitGroupName": {
        "type": "string"
      },
      "coverTypeVersionLimitGroupDesc": {
        "type": "string"
      },
      "limitRuleCode": {
        "type": "string"
      },
      "limitTypeCode": {
        "type": "string"
      },
      "insuredLevelCode": {
        "type": "string"
      },
      "limitAmount": {
        "type": "number"
      },
      "availableLimitAmount": {
        "type": "number"
      },
      "remainingAvailableLimitAmount": {
        "type": "number"
      },
      "equityRuleCode": {
        "type": "string"
      },
      "equityRuleCodeDescription": {
        "type": "string"
      },
      "equityYear": {
        "type": "integer"
      },
      "equityAmount": {
        "type": "number"
      }
    }
  },
  "commonCoverage": {
    "type": "object",
    "javaType": "com.medibank.digital.api.model.CommonCoverage",
    "properties": {
      "commonCoverageCode": {
        "type": "string"
      },
      "commonCoverageName": {
        "type": "string"
      },
      "waitingRuleCodeDescription": {
        "type": "string"
      },
      "waitingPeriodApplicable": {
        "type": "boolean"
      },
      "waitingPeriodEndDate": {
        "type": "String",
        "format": "date"
      }
    }
  },
  "presentationLayerGroup": {
    "type": "object",
    "javaType": "com.medibank.digital.api.model.PresentationLayerGroup",
    "properties": {
      "presentationLayerGroupCode": {
        "type": "string"
      },
      "presentationLayerGroupName": {
        "type": "string"
      },
      "presentationLayerGroupDesc": {
        "type": "string"
      },
      "presentationLayerGroupType": {
        "type": "string"
      },
      "waitingPeriods": {
        "type": "array",
        "items": {
          "$ref": "#/commonCoverageWaitingPeriod"
        }
      },
      "benefitReplacementPeriod": {
        "type": "object",
        "javaType": "com.medibank.digital.api.model.BenefitReplacementPeriodSummary",
        "properties": {
          "benefitReplacementApplicable": {
            "type": "boolean"
          },
          "benefitReplacementPeriod": {
            "type": "String"
          },
          "benefitReplacementPeriodUnits": {
            "type": "String"
          }
        }
      },
      "sublimitRule": {
        "type": "object",
        "javaType": "com.medibank.digital.api.model.SublimitRule",
        "properties": {
          "sublimitApplicable": {
            "type": "boolean"
          },
          "sublimitAmount": {
            "type": "number"
          },
          "sublimitPeriod": {
            "type": "number"
          },
          "sublimitPeriodUnits": {
            "type": "string"
          }
        }
      },
      "parentGroup": {
        "type": "string"
      },
      "groupTier": {
        "type": "integer"
      },
      "displayOrder": {
        "type": "integer"
      },
      "childGroups": {
        "type": "array",
        "items": {
          "$ref": "#/presentationLayerGroup"
        }
      },
      "coverTypeVersionLimitGroups": {
        "type": "array",
        "items": {
          "$ref": "#/coverTypeVersionLimitGroup"
        }
      },
      "commonCoverages": {
        "type": "array",
        "items": {
          "$ref": "#/commonCoverage"
        }
      },
      "independentLimit": {
        "type": "boolean"
      }
    }
  },
  "commonCoverageWaitingPeriod": {
    "type": "object",
    "javaType": "com.medibank.digital.api.model.CommonCoverageWaitingPeriod",
    "properties": {
      "commonCoverageName": {
        "type": "string"
      },
      "waitingPeriodEndDate": {
        "type": "string"
      }
    }
  },
  "coverType": {
    "type": "object",
    "javaType": "com.medibank.digital.api.model.CoverType",
    "properties": {
      "coverTypeCode": {
        "type": "string"
      },
      "coverTypeName": {
        "type": "string"
      },
      "coverTypeSubClassificationCode": {
        "type": "string"
      },
      "coverTypeSubClassificationDesc": {
        "type": "string"
      },
      "presentationLayerGroups": {
        "type": "array",
        "items": {
          "$ref": "#/presentationLayerGroup"
        }
      }
    }
  },
  "type": "object",
  "javaType": "com.medibank.digital.api.model.BenefitLimits",
  "description": "Retrieve the benefit limits of a Business partner for a given policy and effective date",
  "properties": {
    "effectiveDate": {
      "type": "string",
      "pattern": "^[0-9]{4}-[0-9]{2}-[0-9]{2}"
    },
    "productOptionId": {
      "type": "string"
    },
    "coverType": {
      "type": "array",
      "items": {
        "$ref": "#/coverType"
      }
    }
  }
}
