{
    "$schema":"http://json-schema.org/draft-04/schema",

    "bonusBalance":{
        "type":"object",
        "javaType":"com.medibank.digital.api.model.BonusBalance",
        "properties":{
               "code":{"type":"string"},
               "description":{"type":"string"},
             "balance":{"type":"number"}
        }
    },

    "title":"bonusBalances",
    "type":"object",
    "javaType":"com.medibank.digital.api.model.BonusBalances",
    "extends":{"$ref":"resource"},
    "properties":{
        "bonusBalances":{
            "type":"array",
            "items":{"$ref":"#/bonusBalance"}
        }
    }
}