{
	"$schema":"http://json-schema.org/draft-04/schema",

	"discountType":{
		"type":"object",
		"javaType":"com.medibank.digital.api.model.MasterPolicyDiscountType",
		"properties":{
			"component":{"type":"string"},
			"discountCode":{"type":"string"}
		}
	},

	"availability":{
		"type":"object",
		"javaType":"com.medibank.digital.api.model.MasterPolicyAvailability",
		"properties":{
			"state":{"type":"string"},
			"scale":{"type":"string"},
			"subsidyAmount":{"type":"number"},
			"subsidyCurrency":{"type":"string"}
		}
	},

	"frequency":{
		"type":"object",
		"javaType":"com.medibank.digital.api.model.MasterPolicyFrequency",
		"properties":{
			"totalOccurenceNumber":{"type":"integer"},
			"paymentFrequency":{"type":"string"},
			"frequencyIntervalValue":{"type":"integer"},
			"deductionDay":{
				"type":"array",
				"items":{"type":"string"}
			},
			"deductionDayOfMonth":{"type":"integer"},
			"deductionMonth":{"type":"string"},
			"position":{"type":"integer"}
		}
	},

	"product":{
		"type":"object",
		"javaType":"com.medibank.digital.api.model.MasterPolicyProduct",
		"properties":{
			"productCode":{"type":"string"},
			"deductibleCode":{"type":"string"},
			"discountCode":{"type":"string"},
			"subsidizedIndicator":{"type":"boolean"}
		}
	},

	"validityPeriod":{
		"type":"object",
		"javaType":"com.medibank.digital.api.model.MasterPolicyValidityPeriod",
		"properties":{
			"startDate": {"type":"string","format":"date"},
			"endDate": {"type":"string","format":"date"}
		}
	},

	"clawbackLimit":{
		"type":"object",
		"javaType":"com.medibank.digital.api.model.MasterPolicyClawbackLimit",
		"properties":{
			"clawbackLimitCode":{"type":"string"},
			"clawbackLimitDescription":{"type":"string"}
		}
	},

	"clawback":{
		"type":"object",
		"javaType":"com.medibank.digital.api.model.MasterPolicyClawback",
		"properties":{
			"clawbackPercent":{"type": "number"},
			"clawbackLimit":{
				"type":"array",
				"items":{"$ref":"#/clawbackLimit"}
			}
		}
	},

	"title":"masterPolicy",
	"type":"object",
	"javaType":"com.medibank.digital.api.model.MasterPolicy",
	"extends":{"$ref":"resource"},
	"properties":{
		"type":{"type":"string","default":"masterpolicies"},
		"masterPolicyID": {"type":"string"},
		"masterPolicyName": {"type":"string"},
		"status": {"type":"string"},
		"effectiveDate": {"type":"string","format":"date"},
		"businessPartnerID": {"type":"string"},
		"migrationAgentContractIndicator": {"type":"boolean"},
		"groupingCategory":{
			"type":"object",
			"javaType":"com.medibank.digital.api.model.MasterPolicyGroupingCategory",
			"properties":{
				"categoryCode":{"type":"string"},
				"categoryDescription":{"type":"string"}
			}
		},
		"genericDiscount":{
			"type":"object",
			"javaType":"com.medibank.digital.api.model.MasterPolicyGenericDiscount",
			"properties":{
				"marketableProductOnlyIndicator":{"type":"boolean"},
				"discountType":{
					"type":"array",
					"items":{"$ref":"#/discountType"}
				}
			}
		},
		"subsidy":{
			"type":"object",
			"javaType":"com.medibank.digital.api.model.MasterPolicySubsidy",
			"properties":{
				"subsidyPercent":{"type":"number"},
				"subsidyAmount":{"type":"number"},
				"subsidyAmountCurrency":{"type":"string"},
				"paymentFrequency":{"type":"string"},
				"incomeTier":{"type":"integer"},
				"allProductSubsidizedIndicator":{"type":"boolean"},
				"lhcSubsidizedIndicator":{"type":"boolean"},
				"fwacSubsidizedIndicator":{"type":"boolean"},
				"extrasSubsidizedIndicator":{"type":"boolean"},
				"hospitalSubsidizedIndicator":{"type":"boolean"},
				"availability":{
					"type":"array",
					"items":{"$ref":"#/availability"}
				}
			}
		},
		"product":{
			"type":"array",
			"items":{"$ref":"#/product"}
		},
		"claim":{
			"type":"object",
			"javaType":"com.medibank.digital.api.model.MasterPolicyClaim",
			"properties":{
				"toleranceDuration":{"type":"integer"},
				"clawback":{
					"type":"array",
					"items":{"$ref":"#/clawback"}
				}
			}
		},
		"payment":{
			"type":"object",
			"javaType":"com.medibank.digital.api.model.MasterPolicyPayment",
			"properties":{
				"paymentType":{
					"type":"array",
					"items":{"type":"string"}
				},
				"frequency":{"$ref":"#/frequency"},
				"validityPeriod":{"$ref":"#/validityPeriod"}
			}
		},
		"validityPeriod":{"$ref":"#/validityPeriod"}
	}
}