{
    "$schema":"http://json-schema.org/draft-04/schema",

    "title":"policy",
    "type":"object",
    "javaType":"com.medibank.digital.api.model.Policy",
    "extends":{"$ref":"resource"},
    "properties":{
      "type":{"type":"string","default":"policies"},
      "masterPolicyID": {"type":"string"},
      "status": {"type":"string"},
      "changeStateId": {"type": "string"},
      "futurePolicy": {"type":"boolean"},
      "startDate": {"type":"string","format":"date"},
      "paidUpToDate": {"type":"string","format":"date"},      
      "coverType": {"type":"string"},
      "totalLHCLoading": {"type":"string"},
      "calculatedAgrRegistrationDate": {"type":"string", "format":"date"},
        "ausgovRebate":{
            "type":"object", 
            "javaType":"com.medibank.digital.api.model.AusGovRebate",
            "properties":{
                "effectiveAGR":{"type":"string"},
                "registrationStatus":{"type":"string"},
                "agrPercentage":{"type":"string"},
                "registrationEffectiveFromDate":{
                          "type":"string","pattern":"^[0-9]{4}-[0-9]{2}-[0-9]{2}"},
                "registrationEffectiveToDate":{
                          "type":"string","pattern":"^[0-9]{4}-[0-9]{2}-[0-9]{2}"},
                "agrIncomeTier":{
                    "type":"object", 
                    "javaType":"com.medibank.digital.api.model.AgrIncomeTier",
                    "properties":{
                        "incomeType":{"type":"string"},
                        "incomeTier":{"type":"string"}
                    }
                }
            }
        },
        "members":{
            "type":"array",
            "items":{"$ref":"policyMember"}
        },
        "product":{"$ref":"product"},
        "premium":{"$ref":"premium"},
        "paymentSchedule":{"$ref":"paymentSchedule"},
        "masterPolicy":{"$ref":"masterPolicy"},
        "youthDiscountPercentage":{"type":"string"}

    }
}
