{
    "$schema":"http://json-schema.org/draft-04/schema",

    "lhc":{
        "type":"object",
        "javaType":"com.medibank.digital.api.model.Lhc",
        "properties":{
           "lhcPercentage":{"type":"string"},
             "baseCAE":{"type":"string"},
             "effectiveCAE":{"type":"string"},
             "dwhc":{"type":"string"},
             "paidHospitalDays":{"type":"string"},
             "previousHospitalEndDate":{"type":"string"},
             "concessionCode":{"type":"string"},
             "concessionDiscountCode":{"type":"string"}
        }
    },
    "suspension":{
        "type":"object",
        "javaType":"com.medibank.digital.api.model.Suspension",
        "properties":{
            "suspendId":{"type":"string"},
            "startDate":{"type":"string","format":"date"},
            "endDate":{"type":"string","format":"date"},
            "reason":{"type":"string"}
        }
    },
    "policyPayment":{
        "type":"object",
        "javaType":"com.medibank.digital.api.model.PolicyPayment",
        "properties":{
            "shareAmount":{"type":"string"},
            "sharePercentage":{"type":"string"},
            "payRemainingAmount":{"type":"boolean"},
            "collectionType":{"type":"string"},
            "businessPartnerCategory":{"type":"string"},
            "paymentMethod":{"type":"string"},
            "account":{"$ref":"paymentAccount"}
        }
    },
    "beneficiary":{
        "type":"object",
        "javaType":"com.medibank.digital.api.model.Beneficiary",
        "properties":{
            "id": {"type":"string"},
            "name":{"$ref":"name"},
            "account":{"$ref":"paymentAccount"}
        }
    },

    "title":"policyMember",
    "type":"object",
    "javaType":"com.medibank.digital.api.model.PolicyMember",
    "extends":{"$ref":"member"},
    "properties":{
        "partyStatus":{"type":"string"},
        "partyRole":{
            "type":"array",
            "items":{"type":"string"}
        },
        "partyType":{"type":"string"},
        "joinDate":{"type":"string"},
        "pensionCardHolderInd":{"type":"boolean"},
        "lhc":{"$ref":"#/lhc"},
        "youthDiscount":{"$ref":"youthDiscount"},
        "suspension":{"$ref":"#/suspension"},
        "payment":{"$ref":"#/policyPayment"},
        "beneficiary":{"$ref":"#/beneficiary"}
    }
}
