{
  "$schema": "http://json-schema.org/draft-04/schema",
  "type": "object",
  "javaType": "com.medibank.digital.api.model.Premium",
  "description": "Policy premium available to the member",
  "properties": {
    "paymentAmount": { "type": "number" },
    "coverPeriod": { "type": "string" },
    "deductionDay": { "type": "string" },
    "coverageStartDate": { "type": "string", "format": "date" },
    "coverageEndDate": { "type": "string", "format": "date" },
    "baseAmount": { "type": "number" },
    "discountAmount": { "type": "number" },
    "lhcAmount": { "type": "number" },
    "agrAmount": { "type": "number" },
    "youthDiscountAmount": { "type": "number" }
  },
  "required": ["paymentAmount"]
}
