{
    "$schema": "http://json-schema.org/draft-04/schema",

    "claimResponseItemAssessment":{
    "type":"object",
    "javaType":"com.medibank.digital.api.model.ClaimResponseItemAssessment",
    "properties":{
            "code":{"type":"string"},
            "description":{"type":"string"}
        }
    },

    "claimResponseItem":{
    "type":"object",
    "javaType":"com.medibank.digital.api.model.ClaimResponseItem",
    "properties":{
            "id":{"type":"string"},
            "code":{"type":"string"},
            "dateOfService":{ "type":"string","pattern":"^[0-9]{4}-[0-9]{2}-[0-9]{2}" },
            "status":{"type":"string"},
            "benefitPaidAmount":{"type":"number"},
            "bonusPaidAmount":{"type":"number"},
            "rewardPaidAmt":{"type":"number"},
            "assessments": {
              "type":"array",
              "items": { "$ref": "#/claimResponseItemAssessment" }
            }            
        }
    },

    "type": "object",
    "javaType": "com.medibank.digital.api.model.ClaimResponse",
    "description": "Register a Claim for a Policy",
    "extends":{"$ref":"resource"},    
    "properties": {
        "type":{"type":"string","default":"claim"},
        "id":{"type":"string"},
        "referenceNumber":{"type":"string"},
        "status":{"type":"string"},
        "processedDateTime":{"type":"string"},
        "payToWho":{"type":"string"},
        "submissionDate":{ "type":"string","pattern":"^[0-9]{4}-[0-9]{2}-[0-9]{2}" },
        "totalBonusPaidAmount":{"type":"number"},
        "totalBenefitPaidAmount":{"type":"number"},
        "totalPaidAmount":{"type":"number"},
        "totalRewardPaidAmt":{"type":"number"},
        "items": {
          "type":"array",
          "items": { "$ref": "#/claimResponseItem" }
        },
        "policyRef":{ "$ref":"resourceLink" }
        },
        "required" : ["type"]
}
