{
    "$schema": "http://json-schema.org/draft-04/schema",

    "submitClaimItem":{
    "type":"object",
    "javaType":"com.medibank.digital.api.model.ClaimRequestItem",
    "properties":{
            "code":{"type":"string"},
            "dateOfService":{ "type":"string","pattern":"^[0-9]{4}-[0-9]{2}-[0-9]{2}" },
            "toothId":{"type":"string"},
            "pharmacyScriptNumber":{"type":"string"},
            "prescribingDoctor":{"type":"string"},
            "quantity":{"type":"integer"},
            "chargeAmount":{"type":"number"}        
        }
    },

    "type": "object",
    "javaType": "com.medibank.digital.api.model.ClaimRequest",
    "description": "Register a Claim for a Policy",
    "properties": {
        "category":{"type":"string"},
        "practiceTypeCode":{"type":"string"},
        "referenceNumber":{"type":"string"},
        "isBonusClaim":{"type":"boolean"},
        "accountPaid":{"type":"boolean"},
        "notionalClaim":{"type":"boolean"},        
        "patientMemberId":{ "type":"string" },
        "providerNumber":{ "type":"string" },
        "pharmacyName":{ "type":"string" },
        "totalChargeAmount":{"type":"number"},
        "totalDiscountAmount":{"type":"number"},
        "items": {
          "type":"array",
          "items": { "$ref": "#/submitClaimItem" }
        },
        "policyRef":{ "$ref":"resourceLink" }
        }
}
