{
    "$schema": "http://json-schema.org/draft-04/schema",

    "itemAssessment": {
    "type":"object",
    "javaType":"com.medibank.digital.api.model.ItemAssessment",
    "properties": {
            "code": {"type":"string"},
            "description": {"type":"string"}       
        }
    },
    
    "claimsItem": {
    "type":"object",
    "javaType":"com.medibank.digital.api.model.ClaimsItem",
    "properties": {
            "id": {"type":"string"},
            "code": {"type":"string"},
            "description": {"type":"string"},
            "serviceDate": {"type":"string","pattern":"^[0-9]{4}-[0-9]{2}-[0-9]{2}"},
            "status": {"type":"string"},     
            "toothId": {"type":"string"},    
            "scriptNumber": {"type":"string"},
            "pharmacyName": {"type":"string"},                
            "prescribingDoctor": {"type":"string"},    
            "drugBrandName": {"type":"string"},
            "drugGenericName": {"type":"string"},    
            "drugType": {"type":"string"},    
            "drugStrength": {"type":"string"},    
            "packNumberSize": {"type":"string"},            
            "assessments": {
              "type":"array",
              "items": {"$ref":"#/itemAssessment"}
            },
           "quantity": {"type":"integer"},
           "chargeAmount": {"type":"number"},
           "benefitAmount": {"type":"number"},
           "bonusAmount": {"type":"number"}
        }
    },
    
    "claim": {
    "type":"object",
    "javaType":"com.medibank.digital.api.model.Claim",
    "properties": {
            "id": {"type":"string"},
            "type": {"type":"string"},
            "referenceNumber": {"type":"string"},
            "status": {"type":"string"},
            "bonusClaim": {"type":"boolean"},
            "accountPaid": {"type":"string"},
            "compensationDamage": {"type":"boolean"},
            "submissionDate": {"type":"string","pattern":"^[0-9]{4}-[0-9]{2}-[0-9]{2}"},
            "processedDate": {"type":"string","pattern":"^[0-9]{4}-[0-9]{2}-[0-9]{2}"},
            "sourceChannel": {"type":"string"},
            "bpId": {"type":"string"},
            "paymentMethod": {"type":"string"},
            "paymentDate": {"type":"string","pattern":"^[0-9]{4}-[0-9]{2}-[0-9]{2}"},
            "payTo": {"type":"string"},
            "beneficiaryId": {"type":"string"},
            "providerNumber": {"type":"string"},
            "providerName": {"type":"string"},
            "providerFirstName": {"type":"string"},
            "providerAddressLine1": {"type":"string"},
            "providerAddressLine2": {"type":"string"},
            "providerAddressLine3": {"type":"string"},
            "providerSuburb": {"type":"string"},
            "providerPostcode": {"type":"string"},
            "providerRecordStartDate": {"type":"string","pattern":"^[0-9]{4}-[0-9]{2}-[0-9]{2}"},
            "providerRecordEndDate": {"type":"string","pattern":"^[0-9]{4}-[0-9]{2}-[0-9]{2}"},
            "memberChoiceProvider": {"type":"boolean"},
            "practiceTypeCode": {"type":"string"},
            "practiceTypeDescription": {"type":"string"},    
            "items": {
              "type":"array",
              "items": {"$ref":"#/claimsItem"}
            },
            "totalChargeAmount": {"type":"number"},
            "discountAmount": {"type":"number"},
            "totalBonusPaidAmount": {"type":"number"},
            "totalBenefitPaidAmount": {"type":"number"},
            "totalPaidAmount": {"type":"number"},
            "patientName": {"type":"string"}             
        }
    },
    

    "type":"object",
    "javaType":"com.medibank.digital.api.model.ClaimsHistory",
    "description":"Retrieve the claims history for a given person in a policy for a period of time",
    "properties": {
        "claims": {
           "type":"array",
           "items": {"$ref":"#/claim"}
           },
        "moreRecordsPresent": {"type":"boolean"}   
        }
        
}
