{
  "$schema": "http://json-schema.org/draft-04/schema",
    "type": "object",
      "javaType": "com.medibank.digital.api.model.ServiceProvider",
      "extends":{"$ref":"resource"},
      "description": "Service Provider Structure",
      "properties": {
        "id": { "type": "string" },
        "personName": {"$ref": "name" },
        "orgName": { "type": "string" },
        "memberChoice": { "type": "boolean" },
        "validFromDate":{ "type":"string","pattern":"^[0-9]{4}-[0-9]{2}-[0-9]{2}" },
        "validToDate":{ "type":"string","pattern":"^[0-9]{4}-[0-9]{2}-[0-9]{2}" },
        "address": {"$ref": "address" },   
        "practices": {
          "type":"array",
          "items": { "$ref": "practiceType" }
        }
    }

}
