{
  "$schema": "http://json-schema.org/draft-04/schema",

    "practiceItem":{
      "type":"object",
      "javaType":"com.medibank.digital.api.model.PracticeItem",
        "properties":{
          "practiceType": {"$ref": "practiceType" },
          "coPaymentAmount":{"type":"number"},
          "serviceItems": {
            "type":"array",
            "items": { "$ref": "#/serviceItem" }
          },
          "pharmacyItems": {
            "type":"array",
            "items": { "$ref": "#/pharmacyItem" }
          }
        }
    },

    "serviceItem":{
      "type":"object",
      "javaType":"com.medibank.digital.api.model.ServiceItem",
        "properties":{
          "code":{"type":"string"},
          "description":{"type":"string"},
          "isValidForPolicy":{"type":"boolean"}
        }
    },

    "pharmacyItem":{
      "type":"object",
      "javaType":"com.medibank.digital.api.model.PharmacyItem",
        "properties":{
          "drugBrandName":{"type":"string"},
          "drugGenericName":{"type":"string"},
          "itemDetails": {
            "type":"array",
            "items": { "$ref": "#/pharmacyItemDetail" }
          }
        }
    },

    "pharmacyItemDetail":{
      "type":"object",
      "javaType":"com.medibank.digital.api.model.PharmacyItemDetail",
        "properties":{
          "code":{ "type":"string" },
          "type":{ "type":"string" },
          "strength":{ "type":"string" },
          "packNumberSize":{ "type":"string" },
          "effectiveStartDate":{ "type":"string","pattern":"^[0-9]{4}-[0-9]{2}-[0-9]{2}" },
          "effectiveEndDate":{ "type":"string","pattern":"^[0-9]{4}-[0-9]{2}-[0-9]{2}" }
        }
    },    

    "type": "object",
      "javaType": "com.medibank.digital.api.model.ServiceItems",
      "extends":{"$ref":"resource"},
      "description": "Seach Service Items Structure",
      "properties": {
        "policyNumber": { "type": "string" },
        "providerId": { "type": "string" },
        "practices": {
          "type":"array",
          "items": { "$ref": "#/practiceItem" }
        }
    }

}
