{
  "Result": {
    "productName": "New Families Essentials",
    "coverages": [
      {
        "type": "EXTRAS",
        "items": [
          {
            "name": "Ambulance services",
            "description": "100% cover for immediate professional attention. Includes ambulance transportation when your medical condition means\n                                you can't be transported in any other way.\n                            ",
            "waitingPeriod": "2 months",
            "status": "Included",
            "limit": "999999"
          },
          {
            "name": "General dental",
            "description": "Includes examinations, preventative treatment, scale and clean, extractions, fillings and x-rays and surgical\n                                removal of wisdom teeth\n                            ",
            "waitingPeriod": "2 months & 12 months for surgical dental procedures",
            "status": "Included",
            "limit": "500"
          },
          {
            "name": "Major dental",
            "description": "Includes services such as endodontic services (e.g. root canal); periodontics (e.g. treatment of gum disease);\n                                crowns, dentures and bridges; and major restorative fillings (e.g. veneers)\n                            ",
            "waitingPeriod": "12 months",
            "status": "Included",
            "limit": "400"
          },
          {
            "name": "Orthodontics",
            "description": "Includes braces",
            "waitingPeriod": "12 months",
            "status": "Exluded"
          },
          {
            "name": "Optical items",
            "description": "100% back up to annual limits. Includes frames, prescription lenses and repairs.",
            "waitingPeriod": "6 months",
            "status": "Included",
            "limit": "200"
          },
          {
            "name": "Remedial Massage",
            "description": "Benefits towards remedial massage treatments",
            "waitingPeriod": "2 months",
            "status": "Included",
            "limit": "100"
          },
          {
            "name": "Physiotherapy",
            "description": "Includes one-on-one and group consultations, Clinical Pilates, antenatal and hydrotherapy sessions",
            "waitingPeriod": "2 months",
            "status": "Included",
            "limit": "400"
          },
          {
            "name": "Chiropractic & Osteopathy",
            "description": "Benefits towards consultations with an osteopath or chiropractor",
            "waitingPeriod": "2 months",
            "status": "Included",
            "limit": "400"
          },
          {
            "name": "Podiatry",
            "description": "Benefits towards consultations, biomechanical assessments and custom orthotics",
            "waitingPeriod": "2 months",
            "status": "Included",
            "limit": "200"
          },
          {
            "name": "Natural therapies",
            "description": null,
            "waitingPeriod": "2 months",
            "status": "Included",
            "limit": "200"
          },
          {
            "name": "Dietetics",
            "description": "Benefits towards dietitian and nutritionist consultations",
            "waitingPeriod": "2 months",
            "status": "Restricted",
            "limit": "200"
          },
          {
            "name": "Breathing Appliances",
            "description": "Peak flow meters, nebulisers & spacing devices",
            "waitingPeriod": "12 months",
            "status": "Included",
            "limit": "200"
          },
          {
            "name": "Blood glucose monitors & blood pressure monitors",
            "description": "100% back up to your annual limit",
            "waitingPeriod": "24 months",
            "status": "Included",
            "limit": "200"
          },
          {
            "name": "Speech Therapy",
            "description": "Benefits are paid towards consultations with a speech therapist",
            "waitingPeriod": "2 months",
            "status": "Included",
            "limit": "200"
          },
          {
            "name": "Clinical psychology",
            "description": "Cover for consultations only",
            "waitingPeriod": "2 months",
            "status": "Included",
            "limit": "200"
          },
          {
            "name": "Health appliances & external prostheses",
            "description": "Including insulin delivery pens",
            "waitingPeriod": "2 months",
            "status": "Included",
            "limit": "200"
          },
          {
            "name": "Health subscriptions",
            "description": "Benefits are paid towards membership of some health bodies and associations. Includes Arthritis Association and\n                                Coeliac Society subscriptions, Diabete Australia membership, and others.\n                            ",
            "waitingPeriod": "2 months",
            "status": "Included",
            "limit": "200"
          },
          {
            "name": "Health screening services",
            "description": "Where N Medicare benefit is payable",
            "waitingPeriod": "2 months",
            "status": "Included",
            "limit": "200"
          },
          {
            "name": "Hearing aids",
            "description": "Benefits are paid towards the cost of hearing aids and hearing aid repairs",
            "waitingPeriod": "36 months",
            "status": "Exluded"
          },
          {
            "name": "Prescription pharmaceuticals (Nn PBS)",
            "description": "For certain prescribed items Nt subsidised by the Government",
            "waitingPeriod": "2 months",
            "status": "Exluded"
          },
          {
            "name": "Occupational therapy",
            "description": "Benefits are paid towards consultations with an Occupational Therapist",
            "waitingPeriod": "2 months",
            "status": "Exluded"
          },
          {
            "name": "Eye therapy",
            "description": "Benefits are paid towards consultations with an orthoptist",
            "waitingPeriod": "2 months",
            "status": "Exluded"
          },
          {
            "name": "Membership Bonus",
            "description": "To pay towards extras, hospital excess and other approved membership related services",
            "waitingPeriod": "6 months",
            "status": "Included"
          },
          {
            "name": "Private hospital accident & emergency facility fees",
            "description": null,
            "waitingPeriod": "2 months",
            "status": "Exluded"
          },
          {
            "name": "Home nursing",
            "description": "Benefits are paid towards private nursing provided by a registered nursing service",
            "waitingPeriod": "2 months",
            "status": "Exluded"
          },
          {
            "name": "Laser eye surgery",
            "description": "Where N Medicare benefit is payable",
            "waitingPeriod": "36 months",
            "status": "Exluded"
          },
          {
            "name": "Endodontics",
            "description": "Benefits towards endodontic services (e.g. root canal)",
            "waitingPeriod": "12 months",
            "status": "Included",
            "limit": "400"
          }
        ],
        "claimback": [
          "55 % Claim Back On Most Extras At Member's Choice Providers",
          "100% Benefits At Member's Choice Provider - No Out Of Pocket / Gap For Kids And Students."
        ]
      },
      {
        "type": "HOSPITAL",
        "items": [
          {
            "name": "Ambulance services",
            "description": "100% cover for immediate professional attention. Includes ambulance transportation when your medical condition means\n                                you can't be transported in any other way.\n                            ",
            "waitingPeriod": "2 months",
            "status": "Included"
          },
          {
            "name": "Shoulder and knee reconstruction surgery & investigations",
            "description": "Reconstructions to repair ligament tears, remove loose tissue or treat other damage",
            "waitingPeriod": "2 months (12 months for pre-existing)",
            "status": "Included"
          },
          {
            "name": "Appendicitis treatment",
            "description": "Hospitalisation for appendicitis",
            "waitingPeriod": "2 months (12 months for pre-existing)",
            "status": "Included"
          },
          {
            "name": "Removal of appendix",
            "description": "The surgical removal of your appendix",
            "waitingPeriod": "2 months (12 months for pre-existing)",
            "status": "Included"
          },
          {
            "name": "Removal of tonsils & adeNids",
            "description": "Surgery to remove tonsils and/or adeNids",
            "waitingPeriod": "2 months (12 months for pre-existing)",
            "status": "Included"
          },
          {
            "name": "Surgical removal of wisdom teeth (for hospital charges only)",
            "description": "Accommodation and theatre charges for wisdom tooth removal in hospital (does Nt include doctor/dentist fees)\n                            ",
            "waitingPeriod": "2 months (12 months for pre-existing)",
            "status": "Included"
          },
          {
            "name": "Colonoscopies",
            "description": "Procedure to examine the large bowel",
            "waitingPeriod": "2 months (12 months for pre-existing)",
            "status": "Included"
          },
          {
            "name": "Palliative care",
            "description": "Health care that provides support to people with a life-limiting illness",
            "waitingPeriod": "2 months",
            "status": "Restricted"
          },
          {
            "name": "Psychiatric treatment",
            "description": "Including diagNsed disorders or addiction requiring immediate hospital-based intervention",
            "waitingPeriod": "2 months",
            "status": "Restricted"
          },
          {
            "name": "Rehabilitation treatment",
            "description": "Approved physical therapy and exercise programs, generally following an inpatient admission",
            "waitingPeriod": "2 months",
            "status": "Restricted"
          },
          {
            "name": "Heart-related services",
            "description": "Includes open heart and bypass surgery, insertion of stents and angiograms or hospital accommodation associated with\n                                a heart-related service\n                            ",
            "waitingPeriod": "2 months (12 months for pre-existing)",
            "status": "Included"
          },
          {
            "name": "Obstetrics-related services (eg. pregnancy)",
            "description": "Including regular and caesarean childbirth and in-patient diagNstic imaging",
            "waitingPeriod": "12 months",
            "status": "Included"
          },
          {
            "name": "Fertility treatment (eg. IVF & GIFT programs)",
            "description": "Includes IVF and GIFT programs",
            "waitingPeriod": "2 months (12 months for pre-existing)",
            "status": "Included"
          },
          {
            "name": "Plastic & reconstructive surgery",
            "description": "Surgery to repair deformity or improve function e.g. after cancer or tumour removal, repair of lacerations, burns or\n                                scars, to treat congenital abNrmalities or following traumatic injuries.\n                            ",
            "waitingPeriod": "2 months (12 months for pre-existing)",
            "status": "Included"
          },
          {
            "name": "Major eye surgery - including cataract & lens-related services",
            "description": "Surgical procedures to treat vision loss caused by cataract and other eye-related admissions",
            "waitingPeriod": "2 months (12 months for pre-existing)",
            "status": "Exluded"
          },
          {
            "name": "Hip & knee joint replacement surgery",
            "description": "Replacement surgery for hips and knees",
            "waitingPeriod": "2 months (12 months for pre-existing)",
            "status": "Exluded"
          },
          {
            "name": "All other joint replacement surgery",
            "description": "Replacement surgery for shoulders, elbows and ankles",
            "waitingPeriod": "2 months (12 months for pre-existing)",
            "status": "Exluded"
          },
          {
            "name": "Renal dialysis",
            "description": "Dialysis treatment in hospital for kidney failure.",
            "waitingPeriod": "2 months (12 months for pre-existing)",
            "status": "Exluded"
          },
          {
            "name": "All other in-hospital services where a Medicare benefit is payable",
            "description": "The Medicare Benefits Schedule defines what are considered appropriate interventions or treatment in Australia\n                            ",
            "waitingPeriod": "2 months (12 months for pre-existing)",
            "status": "Included"
          },
          {
            "name": "Private hospital room priority",
            "description": "You must request a private room at least 24 hours before your stay. Allocation based on availability.\n                            ",
            "waitingPeriod": "2 months (12 months for pre-existing)",
            "status": "Exluded"
          },
          {
            "name": "Ultra Bonus (for out-of-pocket-expenses)",
            "description": "A bonus to help reduce eligible out of pocket costs related to your hospital admission",
            "waitingPeriod": "2 months (12 months for pre-existing)",
            "status": "Exluded"
          },
          {
            "name": "Weight Loss Surgery (e.g Bariatrics) In Hospital",
            "description": "Weight Loss Surgery (e.g Bariatrics) In Hospital",
            "waitingPeriod": "2 months (12 months for pre-existing)",
            "status": "Included"
          }
        ]
      }
    ]
  }
}