<?xml version="1.0" encoding="UTF-8"?>
<!DOCTYPE module PUBLIC
        "-//Puppy Crawl//DTD Check Configuration 1.3//EN"
        "http://www.puppycrawl.com/dtds/configuration_1_3.dtd">
<module name="Checker">
    <module name="TreeWalker">
        <!--  Naming conventions local variables.  -->
        <module name="LocalFinalVariableName"/>
        <module name="LocalVariableName"/>
        <module name="ParameterName"/>
        <module name="StaticVariableName">
            <property name="format" value="^[a-zA-Z][a-zA-Z0-9_]*$"/>
        </module>
        <!--  Avoid start imports
        <module name="AvoidStarImport"/>
		-->
        <!--  Avoid imports of the sun.* packages  -->
        <module name="IllegalImport"/>
        <!--  Avoid redundant imports  -->
        <module name="RedundantImport"/>
        <!--  Avoid unused imports  -->
        <module name="UnusedImports"/>
    </module>
</module>