{
  "current" : [ {
    "effectiveDate" : "2015-07-12",
    "paymentDate" : "2015-07-12",
    "datePaidTo" : "2015-09-12",
    "paymentAmount" : 213.45
  }, {
    "effectiveDate" : "2015-07-20",
    "paymentDate" : "2015-07-20",
    "datePaidTo" : "2015-09-20",
    "paymentAmount" : 224.55
  }, {
    "effectiveDate" : "2015-07-03",
    "paymentDate" : "2015-07-03",
    "datePaidTo" : "2015-09-03",
    "paymentAmount" : 200.35
  }, {
    "effectiveDate" : "2015-07-18",
    "paymentDate" : "2015-07-18",
    "datePaidTo" : "2015-09-18",
    "paymentAmount" : 220.74
  } ],
  "future" : [ {
    "effectiveDate" : "2015-09-12",
    "paymentDate" : "2015-09-12",
    "datePaidTo" : "2015-11-12",
    "paymentAmount" : 215.45
  }, {
    "effectiveDate" : "2015-09-20",
    "paymentDate" : "2015-09-20",
    "datePaidTo" : "2015-11-20",
    "paymentAmount" : 226.55
  }, {
    "effectiveDate" : "2015-09-03",
    "paymentDate" : "2015-09-03",
    "datePaidTo" : "2015-11-03",
    "paymentAmount" : 202.35
  }, {
    "effectiveDate" : "2015-09-18",
    "paymentDate" : "2015-09-18",
    "datePaidTo" : "2015-11-18",
    "paymentAmount" : 222.74
  } ]
}