{
  "policies": [
    {
      "type": "policies",
      "status": "active",
      "futurePolicy": false,
      "startDate": "2014-01-01",
      "id": "fa13bd5b",
      "effectiveDt": "2015-01-01",
      "prodOptcode": "test-code",
      "productName": "Basic Hospital and Basic Extras",
      "personJoinDt": "2015-01-01"
    },
    {
      "type": "policies",
      "status": "active",
      "futurePolicy": false,
      "startDate": "2013-05-01",
      "id": "fa13bd5c",
      "effectiveDt": "2014-01-01",
      "prodOptcode": "test-code1",
      "productName": "Basic Hospital and Basic Extras",
      "personJoinDt": "2014-01-01"
    },
    {
      "type": "policies",
      "status": "active",
      "futurePolicy": false,
      "startDate": "2014-03-15",
      "id": "fa13bd5d",
      "effectiveDt": "2015-01-01",
      "prodOptcode": "test-code2",
      "productName": "Basic Hospital and Basic Extras",
      "personJoinDt": "2015-01-01"
    }
  ]
}