{
  "effectiveDate" : "2015-09-25",
  "productOptionId" : "PA023",
  "coverType" : [ {
    "coverTypeCode" : "Sample Cover Code",
    "presentationLayerGroups" : [ {
      "presentationLayerGroupCode" : "PLG00080",
      "parentGroup" : "Sample Parent Group",
      "groupTier" : 1,
      "displayOrder" : 802,
      "coverTypeVersionLimitGroups" : [ {
        "coverTypeVersionLimitGroupCode" : "51",
        "limitRuleCode" : "1",
        "limitAmount" : 100.0,
        "availableLimitAmount" : 55.0,
        "remainingAvailableLimitAmount" : 45.0,
        "equityRuleCode" : "13",
        "equityRuleCodeDescription" : "CROWNS AND BRIDGES",
        "equityYear" : 2015,
        "equityAmount" : 50.0
      } ],
      "commonCoverages" : [ {
        "commonCoverageCode" : "CCE0010",
        "commonCoverageName" : "ENDDOTIC SERVICES FRAMES",
        "waitingRuleCode" : "1",
        "waitingRuleCodeDescription" : "Sample Description",
        "waitingPeriodApplicableIndicator" : true
      } ]
    } ]
  } ]
}