{
  "type" : "policies",
  "masterPolicyID" : "M12345",
  "status" : "active",
  "futurePolicy" : false,
  "startDate" : "2014-05-21",
  "paidUpToDate" : "2015-06-30",
  "coverType" : "BOTH",
  "totalLHCLoading" : "10",
  "members" : [ {
    "partyStatus" : "active",
    "partyRole" : [ "policy holder", "insured", "premium payer" ],
    "partyType" : "main",
    "joinDate" : "2013-01-01",
    "pensionCardHolderInd" : false,
    "lhc" : {
      "lhcPercentage" : "10",
      "baseCAE" : "5",
      "effectiveCAE" : "7",
      "dwhc" : "0",
      "paidHospitalDays" : "200",
      "previousHospitalEndDate" : "2009-08-23",
      "concessionCode" : "12345",
      "concessionDiscountCode" : "12345"
    },
    "suspension" : {
      "suspendId" : "12345",
      "startDate" : "2015-08-23",
      "endDate" : "2015-09-23",
      "reason" : "001 - Overseas Travel"
    },
    "payment" : {
      "shareAmount" : "200",
      "sharePercentage" : "40%",
      "payRemainingAmount" : false,
      "businessPartnerCategory" : "PERSON",
      "paymentMethod" : "BANK",
      "account" : {
        "accountType" : "Bank",
        "bsb" : "123-456",
        "accountNum" : "123456",
        "accountHolderName" : "John Smith",
        "id" : "123456",
        "type" : "accounts"
      }
    },
    "beneficiary" : {
      "name" : {
        "firstName" : "John",
        "middleName" : "Gomer",
        "lastName" : "Smith"
      },
      "account" : {
        "accountType" : "Bank",
        "bsb" : "123-456",
        "accountNum" : "123456",
        "accountHolderName" : "John Smith",
        "id" : "123456",
        "type" : "accounts"
      }
    },
    "id" : "1f6c0e12",
    "_links" : {
      "self" : {
        "href" : "/api/v1/members/1f6c0e12"
      }
    },
    "type" : "members",
    "individual" : {
      "birthDate" : "1981-01-15",
      "gender" : "M",
      "name" : {
        "firstName" : "John",
        "middleName" : "Gomer",
        "lastName" : "Smith"
      }
    },
    "relationships" : [ ]
  }, {
    "partyStatus" : "active",
    "partyRole" : [ "premium payer" ],
    "partyType" : "???",
    "payment" : {
      "shareAmount" : "300",
      "sharePercentage" : "60%",
      "payRemainingAmount" : false,
      "collectionType" : "CORPORATE",
      "businessPartnerCategory" : "ORGANIZATION",
      "paymentMethod" : "PAYROLL",
      "account" : {
        "accountType" : "Payroll",
        "employerRef" : {
          "id" : "030539ca",
          "_links" : {
            "self" : {
              "href" : "/api/v1/members/030539ca"
            }
          }
        },
        "employerName" : "Acme Corp. null",
        "employeeNumber" : "12345",
        "employeeDepartment" : "Marketing",
        "type" : "accounts"
      }
    },
    "id" : "b8f94508",
    "_links" : {
      "self" : {
        "href" : "/api/v1/members/b8f94508"
      }
    },
    "type" : "members",
    "organization" : {
      "corporateName" : "Acme Corp.",
      "industrySector" : [ ]
    },
    "relationships" : [ ]
  } ],
  "product" : {
    "type" : "products",
    "name" : "TOP HOSPITAL 250 EXCESS + BASIC EXTRAS 70",
    "scale" : "FAMILY",
    "state" : "VIC",
    "excessCode" : "10",
    "availability" : "RETAIL",
    "package" : true,
    "lifeCycle" : "MARKETABLE",
    "coverage" : [ {
      "coverTypeCode" : "CT00001",
      "residencyType" : "RESIDENT",
      "coverTypeClassification" : "PRIVATE HEALTH INSURANCE",
      "contractTypeSubClass" : "Hospital",
      "coverTypeName" : "BASIC HOSPITAL",
      "benefitStructure" : "70% Claim Back"
    } ],
    "paymentCombinations" : [ ],
    "id" : "23b7077c",
    "_links" : {
      "self" : {
        "href" : "/api/v1/products/23b7077c"
      }
    }
  },
  "premium" : {
    "paymentAmount" : 345.67,
    "coverPeriod" : "MONTHLY",
    "baseAmount" : 512.1
  },
  "paymentSchedule" : {
    "endDate" : "2015-09-01",
    "limit" : 5,
    "payments" : [ {
      "type" : "payments",
      "status" : "Paid",
      "transactionType" : "Payment",
      "transactionDate" : "2016-03-03T16:41:44+10:00",
      "paymentAmount" : 345.67,
      "paymentMethod" : "Direct Debit",
      "coverageStartDate" : "2016-03-03T16:41:44+10:00",
      "coverageEndDate" : "2016-02-03T16:41:44+10:00"
    }, {
      "type" : "payments",
      "status" : "Paid",
      "transactionType" : "Payment",
      "transactionDate" : "2016-04-03T16:41:44+10:00",
      "paymentAmount" : 345.67,
      "paymentMethod" : "Direct Debit",
      "coverageStartDate" : "2016-04-03T16:41:44+10:00",
      "coverageEndDate" : "2016-03-03T16:41:44+10:00"
    }, {
      "type" : "payments",
      "status" : "Paid",
      "transactionType" : "Payment",
      "transactionDate" : "2016-05-03T16:41:44+10:00",
      "paymentAmount" : 345.67,
      "paymentMethod" : "Direct Debit",
      "coverageStartDate" : "2016-05-03T16:41:44+10:00",
      "coverageEndDate" : "2016-04-03T16:41:44+10:00"
    }, {
      "type" : "payments",
      "status" : "Paid",
      "transactionType" : "Payment",
      "transactionDate" : "2016-06-03T16:41:44+10:00",
      "paymentAmount" : 345.67,
      "paymentMethod" : "Direct Debit",
      "coverageStartDate" : "2016-06-03T16:41:44+10:00",
      "coverageEndDate" : "2016-05-03T16:41:44+10:00"
    }, {
      "type" : "payments",
      "status" : "Paid",
      "transactionType" : "Payment",
      "transactionDate" : "2016-07-03T16:41:44+10:00",
      "paymentAmount" : 345.67,
      "paymentMethod" : "Direct Debit",
      "coverageStartDate" : "2016-07-03T16:41:44+10:00",
      "coverageEndDate" : "2016-06-03T16:41:44+10:00"
    } ]
  },
  "masterPolicy" : {
    "type" : "masterpolicies",
    "masterPolicyID" : "M12345",
    "masterPolicyName" : "Policy Name",
    "status" : "ACTIVE",
    "effectiveDate" : "2015-08-23",
    "businessPartnerID" : "C.TC3.A",
    "migrationAgentContractIndicator" : false,
    "groupingCategory" : {
      "categoryCode" : "PARTIAL_SUBSIDY",
      "categoryDescription" : "Grouping category description text"
    },
    "genericDiscount" : {
      "marketableProductOnlyIndicator" : false,
      "discountType" : [ {
        "component" : "HOSPITAL",
        "discountCode" : "H"
      }, {
        "component" : "EXTRAS",
        "discountCode" : "E"
      } ]
    },
    "subsidy" : {
      "subsidyPercent" : 20.0,
      "subsidyAmount" : 120.0,
      "subsidyAmountCurrency" : "AUD",
      "paymentFrequency" : "MONTHLY",
      "incomeTier" : 1,
      "allProductSubsidizedIndicator" : false,
      "lhcSubsidizedIndicator" : true,
      "fwacSubsidizedIndicator" : true,
      "extrasSubsidizedIndicator" : true,
      "hospitalSubsidizedIndicator" : true,
      "availability" : [ {
        "state" : "VIC",
        "scale" : "1",
        "subsidyAmount" : 100.0,
        "subsidyCurrency" : "AUD"
      }, {
        "state" : "NSW",
        "scale" : "1",
        "subsidyAmount" : 50.0,
        "subsidyCurrency" : "AUD"
      } ]
    },
    "product" : [ {
      "productCode" : "P0000001",
      "deductibleCode" : "1",
      "discountCode" : "2",
      "subsidizedIndicator" : true
    }, {
      "productCode" : "P0000002",
      "deductibleCode" : "3",
      "discountCode" : "4",
      "subsidizedIndicator" : true
    } ],
    "claim" : {
      "toleranceDuration" : 15,
      "clawback":[
        {
          "clawbackPercent": 10.0,
          "clawbackLimit":[
            {
              "clawbackLimitCode" : "1",
              "clawbackLimitDescription" : "Description for the code"
            }
          ]
        }
      ]
    },
    "payment" : {
      "paymentType" : [ "MONTHLY", "WEEKLY" ],
      "frequency" : {
        "totalOccurenceNumber" : 1,
        "paymentFrequency" : "MONTHLY",
        "frequencyIntervalValue" : 1,
        "deductionDay" : [ "WED", "THU" ],
        "deductionDayOfMonth" : 15,
        "deductionMonth" : "JUNE"
      },
      "validityPeriod" : {
        "startDate" : "2015-03-03",
        "endDate" : "2018-03-03"
      }
    },
    "validityPeriod" : {
      "startDate" : "2015-03-03",
      "endDate" : "2018-03-03"
    }
  },
  "id" : "e7588946",
  "_links" : {
    "self" : {
      "href" : "/api/v1/policies/e7588946"
    }
  }
}