{
  "current" : {
    "code" : "EX03",
    "description" : "$300 Excess on Hospital stays"
  },
  "choice" : [ {
    "code" : "EX01",
    "description" : "$100 Excess on Hospital stays",
    "subsidised" : true,
    "marketable" : true
  }, {
    "code" : "EX02",
    "description" : "$200 Excess on Hospital stays",
    "subsidised" : false,
    "marketable" : false
  }, {
    "code" : "EX04",
    "description" : "$400 Excess on Hospital stays",
    "subsidised" : true,
    "marketable" : false
  } ],
  "updateable" : true
}