{
  "type" : "policies",
  "status" : "active",
  "futurePolicy" : false,
  "startDate" : "2014-05-21",
  "paidUpToDate" : "2015-06-30",
  "coverType" : "BOTH",
  "totalLHCLoading" : "10",
  "members" : [ {
    "partyStatus" : "active",
    "partyRole" : [ "policy holder", "insured", "premium payer" ],
    "partyType" : "main",
    "joinDate" : "2013-01-01",
    "pensionCardHolderInd" : false,
    "lhc" : {
      "lhcPercentage" : "10",
      "baseCAE" : "5",
      "effectiveCAE" : "7",
      "dwhc" : "0",
      "paidHospitalDays" : "200",
      "previousHospitalEndDate" : "2009-08-23",
      "concessionCode" : "12345",
      "concessionDiscountCode" : "12345"
    },
    "suspension" : {
      "suspendId" : "12345",
      "startDate" : "2015-08-23",
      "endDate" : "2015-09-23",
      "reason" : "001 - Overseas Travel"
    },
    "payment" : {
      "shareAmount" : "200",
      "sharePercentage" : "40%",
      "payRemainingAmount" : false,
      "paymentMethod" : "BANK",
      "account" : {
        "accountType" : "Bank",
        "bsb" : "123-456",
        "accountNum" : "123456",
        "accountHolderName" : "John Smith",
        "id" : "123456",
        "type" : "accounts"
      }
    },
    "beneficiary" : {
      "name" : {
        "firstName" : "John",
        "middleName" : "Gomer",
        "lastName" : "Smith"
      },
      "account" : {
        "accountType" : "Bank",
        "bsb" : "123-456",
        "accountNum" : "123456",
        "accountHolderName" : "John Smith",
        "id" : "123456",
        "type" : "accounts"
      }
    },
    "id" : "55abf37f",
    "_links" : {
      "self" : {
        "href" : "/api/v1/members/55abf37f"
      }
    },
    "type" : "members",
    "individual" : {
      "birthDate" : "1981-01-15",
      "gender" : "M",
      "name" : {
        "firstName" : "John",
        "middleName" : "Gomer",
        "lastName" : "Smith"
      }
    },
    "relationships" : [ ]
  }, {
    "partyStatus" : "active",
    "partyRole" : [ "premium payer", "insured" ],
    "partyType" : "partner",
    "joinDate" : "2013-01-01",
    "pensionCardHolderInd" : false,
    "payment" : {
      "shareAmount" : "300",
      "sharePercentage" : "60%",
      "payRemainingAmount" : false,
      "paymentMethod" : "CARD",
      "account" : {
        "accountType" : "CreditCard",
        "cardRefID" : "fhskdjhgsdgh",
        "cardType" : "VISA",
        "cardHolderName" : "Mary Smith",
        "paymentCardID" : "123457",
        "cardToken" : "****-******-0789",
        "cardExpiry" : "03/16",
        "id" : "123457",
        "type" : "accounts"
      }
    },
    "beneficiary" : {
      "name" : {
        "firstName" : "Mary",
        "middleName" : "Jane",
        "lastName" : "Smith"
      },
      "account" : {
        "accountType" : "Bank",
        "bsb" : "123-456",
        "accountNum" : "123456",
        "accountHolderName" : "Mary Smith",
        "id" : "123456",
        "type" : "accounts"
      }
    },
    "id" : "1d3470ac",
    "_links" : {
      "self" : {
        "href" : "/api/v1/members/1d3470ac"
      }
    },
    "type" : "members",
    "individual" : {
      "birthDate" : "1985-07-12",
      "gender" : "F",
      "name" : {
        "firstName" : "Mary",
        "middleName" : "Jane",
        "lastName" : "Smith"
      }
    },
    "relationships" : [ ]
  }, {
    "partyStatus" : "active",
    "partyRole" : [ "insured" ],
    "partyType" : "child",
    "joinDate" : "2013-01-01",
    "pensionCardHolderInd" : false,
    "beneficiary" : {
      "name" : {
        "firstName" : "Mary",
        "middleName" : "Jane",
        "lastName" : "Smith"
      },
      "account" : {
        "accountType" : "Bank",
        "bsb" : "123-456",
        "accountNum" : "123456",
        "accountHolderName" : "Mary Smith",
        "id" : "123456",
        "type" : "accounts"
      }
    },
    "id" : "b3141dc6",
    "_links" : {
      "self" : {
        "href" : "/api/v1/members/b3141dc6"
      }
    },
    "type" : "members",
    "individual" : {
      "birthDate" : "2004-03-30",
      "gender" : "M",
      "name" : {
        "firstName" : "Bobby",
        "lastName" : "Smith"
      }
    },
    "relationships" : [ ]
  } ],
  "product" : {
    "type" : "products",
    "name" : "TOP HOSPITAL 250 EXCESS + BASIC EXTRAS 70",
    "scale" : "FAMILY",
    "state" : "VIC",
    "excessCode" : "10",
    "availability" : "RETAIL",
    "package" : true,
    "lifeCycle" : "MARKETABLE",
    "coverage" : [ {
      "coverTypeCode" : "CT00001",
      "residencyType" : "RESIDENT",
      "coverTypeClassification" : "PRIVATE HEALTH INSURANCE",
      "contractTypeSubClass" : "Hospital",
      "coverTypeName" : "BASIC HOSPITAL",
      "benefitStructure" : "70% Claim Back"
    } ],
    "paymentCombinations" : [ ],
    "id" : "bf39b3fa",
    "_links" : {
      "self" : {
        "href" : "/api/v1/products/bf39b3fa"
      }
    }
  },
  "premium" : {
    "paymentAmount" : 345.67,
    "coverPeriod" : "MONTHLY",
    "baseAmount" : 512.1
  },
  "paymentSchedule" : {
    "endDate" : "2015-09-01",
    "limit" : 5,
    "payments" : [ {
      "type" : "payments",
      "status" : "Paid",
      "transactionType" : "Payment",
      "transactionDate" : "2016-01-09T12:02:14+10:00",
      "paymentAmount" : 345.67,
      "paymentMethod" : "Direct Debit",
      "coverageStartDate" : "2016-01-09T12:02:14+10:00",
      "coverageEndDate" : "2015-12-09T12:02:14+10:00"
    }, {
      "type" : "payments",
      "status" : "Paid",
      "transactionType" : "Payment",
      "transactionDate" : "2016-02-09T12:02:14+10:00",
      "paymentAmount" : 345.67,
      "paymentMethod" : "Direct Debit",
      "coverageStartDate" : "2016-02-09T12:02:14+10:00",
      "coverageEndDate" : "2016-01-09T12:02:14+10:00"
    }, {
      "type" : "payments",
      "status" : "Paid",
      "transactionType" : "Payment",
      "transactionDate" : "2016-03-09T12:02:14+10:00",
      "paymentAmount" : 345.67,
      "paymentMethod" : "Direct Debit",
      "coverageStartDate" : "2016-03-09T12:02:14+10:00",
      "coverageEndDate" : "2016-02-09T12:02:14+10:00"
    }, {
      "type" : "payments",
      "status" : "Paid",
      "transactionType" : "Payment",
      "transactionDate" : "2016-04-09T12:02:14+10:00",
      "paymentAmount" : 345.67,
      "paymentMethod" : "Direct Debit",
      "coverageStartDate" : "2016-04-09T12:02:14+10:00",
      "coverageEndDate" : "2016-03-09T12:02:14+10:00"
    }, {
      "type" : "payments",
      "status" : "Paid",
      "transactionType" : "Payment",
      "transactionDate" : "2016-05-09T12:02:14+10:00",
      "paymentAmount" : 345.67,
      "paymentMethod" : "Direct Debit",
      "coverageStartDate" : "2016-05-09T12:02:14+10:00",
      "coverageEndDate" : "2016-04-09T12:02:14+10:00"
    } ]
  },
  "id" : "6b82dac3",
  "_links" : {
    "self" : {
      "href" : "/api/v1/policies/6b82dac3"
    }
  }
}