{
  "policies" : [ {
    "type" : "policies",
    "status" : "active",
    "futurePolicy" : false,
    "startDate" : "2014-01-01",
    "member" : {
      "type" : "members",
      "name" : "John Smith",
      "partyStatus" : "active",
      "partyType" : "main",
      "partyRole" : [ "policy holder" ],
      "id" : "63b01fd6",
      "_links" : {
        "self" : {
          "href" : "/api/v1/members/63b01fd6"
        }
      }
    },
    "product" : {
      "type" : "products",
      "name" : "Top 85 Working Visa Health Insurance with Excess",
      "scale" : "family",
      "state" : "VIC",
      "id" : "629b460e",
      "_links" : {
        "self" : {
          "href" : "/api/v1/products/629b460e"
        }
      }
    },
    "id" : "fa13bd5b",
    "_links" : {
      "self" : {
        "href" : "/api/v1/policies/fa13bd5b"
      }
    }
  }, {
    "type" : "policies",
    "status" : "active",
    "futurePolicy" : false,
    "startDate" : "2013-05-01",
    "member" : {
      "type" : "members",
      "name" : "Mary Jones",
      "partyStatus" : "active",
      "partyType" : "main",
      "partyRole" : [ "policy holder" ],
      "id" : "acdad426",
      "_links" : {
        "self" : {
          "href" : "/api/v1/members/acdad426"
        }
      }
    },
    "product" : {
      "type" : "products",
      "name" : "Basic Hospital and Basic Extras",
      "scale" : "family",
      "state" : "VIC",
      "id" : "f4e7a024",
      "_links" : {
        "self" : {
          "href" : "/api/v1/products/f4e7a024"
        }
      }
    },
    "id" : "127b4ad1",
    "_links" : {
      "self" : {
        "href" : "/api/v1/policies/127b4ad1"
      }
    }
  }, {
    "type" : "policies",
    "status" : "active",
    "futurePolicy" : false,
    "startDate" : "2015-03-15",
    "member" : {
      "type" : "members",
      "name" : "James P. Quigley",
      "partyStatus" : "active",
      "partyType" : "main",
      "partyRole" : [ "policy holder" ],
      "id" : "365941d3",
      "_links" : {
        "self" : {
          "href" : "/api/v1/members/365941d3"
        }
      }
    },
    "product" : {
      "type" : "products",
      "name" : "Settled Families Essentials",
      "scale" : "family",
      "state" : "VIC",
      "id" : "88a4b60f",
      "_links" : {
        "self" : {
          "href" : "/api/v1/products/88a4b60f"
        }
      }
    },
    "id" : "8fc359d7",
    "_links" : {
      "self" : {
        "href" : "/api/v1/policies/8fc359d7"
      }
    }
  } ]
}