{
  "policies" : [ {
    "type" : "policies",
    "status" : "active",
    "startDate" : "2014-01-01",
    "member" : {
      "type" : "members",
      "name" : "John Smith",
      "partyStatus" : "active",
      "partyType" : "main",
      "partyRole" : [ "policy holder" ],
      "id" : "95d5cba7",
      "_links" : {
        "self" : {
          "href" : "/api/v1/members/95d5cba7"
        }
      }
    },
    "product" : {
      "type" : "products",
      "name" : "Top 85 Working Visa Health Insurance with Excess",
      "scale" : "family",
      "state" : "VIC",
      "id" : "00796b34",
      "_links" : {
        "self" : {
          "href" : "/api/v1/products/00796b34"
        }
      }
    },
    "id" : "6ca12d38",
    "_links" : {
      "self" : {
        "href" : "/api/v1/policies/6ca12d38"
      }
    }
  }, {
    "type" : "policies",
    "status" : "active",
    "startDate" : "2013-05-01",
    "member" : {
      "type" : "members",
      "name" : "Mary Jones",
      "partyStatus" : "active",
      "partyType" : "main",
      "partyRole" : [ "policy holder" ],
      "id" : "c2750f89",
      "_links" : {
        "self" : {
          "href" : "/api/v1/members/c2750f89"
        }
      }
    },
    "product" : {
      "type" : "products",
      "name" : "Basic Hospital and Basic Extras",
      "scale" : "family",
      "state" : "VIC",
      "id" : "32daa788",
      "_links" : {
        "self" : {
          "href" : "/api/v1/products/32daa788"
        }
      }
    },
    "id" : "cb810ef2",
    "_links" : {
      "self" : {
        "href" : "/api/v1/policies/cb810ef2"
      }
    }
  }, {
    "type" : "policies",
    "status" : "active",
    "startDate" : "2015-03-15",
    "member" : {
      "type" : "members",
      "name" : "James P. Quigley",
      "partyStatus" : "active",
      "partyType" : "main",
      "partyRole" : [ "policy holder" ],
      "id" : "5425f324",
      "_links" : {
        "self" : {
          "href" : "/api/v1/members/5425f324"
        }
      }
    },
    "product" : {
      "type" : "products",
      "name" : "Settled Families Essentials",
      "scale" : "family",
      "state" : "VIC",
      "id" : "6f62f8ac",
      "_links" : {
        "self" : {
          "href" : "/api/v1/products/6f62f8ac"
        }
      }
    },
    "id" : "01595d0f",
    "_links" : {
      "self" : {
        "href" : "/api/v1/policies/01595d0f"
      }
    }
  } ]
}