{
  "paymentFrequency" : "MONTHLY",
  "datePaidTo" : "2015-12-15",
  "ausgovRebate" : {
    "agrPercentage" : "5",
    "registrationEffectiveFromDate" : "2015-09-15"
  },
  "premiums" : {
    "current" : [ {
      "paymentAmount" : 345.67,
      "coverPeriod" : "MONTHLY",
      "coverageStartDate" : "2015-30-15",
      "baseAmount" : 512.1
    } ],
    "future" : [ {
      "paymentAmount" : 445.67,
      "coverPeriod" : "MONTHLY",
      "coverageStartDate" : "2015-30-15",
      "baseAmount" : 712.1
    } ]
  }
}