{
  "endDate" : "2018-08-23",
  "lodgementDate" : "2015-08-23",
  "userCovered":"true",
  "allMembersOnMedicare":"false",
  "agrIncomeTier" : {
    "incomeType" : "1",
    "incomeTier" : "2"
  },
  "applicant" : {
    "individual" : {
      "birthDate" : "1980-08-13",
      "gender" : "MALE",
      "medicareNumber" : "12345678",
      "medicareIRN" : 1234,
      "medicareValidTo" : "2020-01-01",
      "name" : {
        "firstName" : "Sam",
        "middleName" : "J",
        "lastName" : "Customer"
      }
    },
    "memberIndicator" : "MEMBER",
    "applicantStartDate" : "2018-08-13",
    "applicantEndDate" : "2015-08-13",
    "residentialAddress" : {
      "addressLine1" : "Unit 1",
      "addressLine2" : "19 Fred Rd.",
      "postCode" : "3000",
      "townName" : "Melbourne",
      "state" : "VIC"
    }
  },
  "members" : [ {
    "dependantIndicator" : "ADULT",
    "applicantStartDate" : "2015-08-13",
    "applicantEndDate" : "2018-08-13",
    "type" : "members",
    "individual" : {
      "birthDate" : "1980-08-13",
      "gender" : "MALE",
      "name" : {
        "firstName" : "Sam",
        "middleName" : "J",
        "lastName" : "Customer"
      }
    }
  }, {
    "dependantIndicator" : "DEPENDENT",
    "applicantStartDate" : "2015-08-13",
    "applicantEndDate" : "2018-08-13",
    "type" : "members",
    "individual" : {
      "birthDate" : "1982-08-13",
      "gender" : "FEMALE",
      "name" : {
        "firstName" : "Jane",
        "middleName" : "S",
        "lastName" : "Customer"
      }
    }
  } ]
}