{
  "current" : [ {
    "paymentAmount" : 192.08,
    "coverPeriod" : "FORTNIGHTLY",
    "coverageStartDate" : "2015-04-15",
    "coverageEndDate" : "2015-04-30",
    "baseAmount" : 256.1,
    "discountAmount" : 25.61,
    "lhcAmount" : 38.42,
    "agrAmount" : 76.83
  }, {
    "paymentAmount" : 384.08,
    "coverPeriod" : "MONTHLY",
    "deductionDay" : "14",
    "coverageStartDate" : "2015-04-15",
    "coverageEndDate" : "2015-05-14",
    "baseAmount" : 512.1,
    "discountAmount" : 51.21,
    "lhcAmount" : 76.82,
    "agrAmount" : 153.63
  }, {
    "paymentAmount" : 1050.15,
    "coverPeriod" : "QUARTERLY",
    "coverageStartDate" : "2015-04-15",
    "coverageEndDate" : "2015-07-14",
    "baseAmount" : 1400.2,
    "discountAmount" : 140.02,
    "lhcAmount" : 210.03,
    "agrAmount" : 420.06
  }, {
    "paymentAmount" : 3768.15,
    "coverPeriod" : "YEARLY",
    "coverageStartDate" : "2015-04-15",
    "coverageEndDate" : "2016-04-14",
    "baseAmount" : 5024.2,
    "discountAmount" : 502.42,
    "lhcAmount" : 753.63,
    "agrAmount" : 1507.26
  } ],
  "future" : [ {
    "paymentAmount" : 192.83,
    "coverPeriod" : "FORTNIGHTLY",
    "coverageStartDate" : "2015-04-15",
    "coverageEndDate" : "2015-04-30",
    "baseAmount" : 257.1,
    "discountAmount" : 25.71,
    "lhcAmount" : 38.57,
    "agrAmount" : 77.13
  }, {
    "paymentAmount" : 385.58,
    "coverPeriod" : "MONTHLY",
    "deductionDay" : "14",
    "coverageStartDate" : "2015-04-15",
    "coverageEndDate" : "2015-05-14",
    "baseAmount" : 514.1,
    "discountAmount" : 51.41,
    "lhcAmount" : 77.12,
    "agrAmount" : 154.23
  }, {
    "paymentAmount" : 1054.65,
    "coverPeriod" : "QUARTERLY",
    "coverageStartDate" : "2015-04-15",
    "coverageEndDate" : "2015-07-14",
    "baseAmount" : 1406.2,
    "discountAmount" : 140.62,
    "lhcAmount" : 210.93,
    "agrAmount" : 421.86
  }, {
    "paymentAmount" : 3786.15,
    "coverPeriod" : "YEARLY",
    "coverageStartDate" : "2015-04-15",
    "coverageEndDate" : "2016-04-14",
    "baseAmount" : 5048.2,
    "discountAmount" : 504.82,
    "lhcAmount" : 757.23,
    "agrAmount" : 1514.46
  } ]
}