{
  "ausgovRebate" : {
    "effectiveAGR" : "true",
    "registrationStatus" : "true",
    "agrPercentage" : "5",
    "registrationEffectiveFromDate" : "2015-08-23",
    "registrationEffectiveToDate" : "2016-08-23",
    "agrIncomeTier" : {
      "incomeType" : "1",
      "incomeTier" : "2"
    }
  },
  "premiums" : {
    "current" : [{
      "paymentAmount" : 2375.56,
      "coverPeriod" : "MONTHLY",
      "coverageStartDate" : "2015-07-22",
      "coverageEndDate" : "2015-08-22"
    }],
    "future" : [ {
      "paymentAmount" : 2500.5,
      "coverPeriod" : "MONTHLY",
      "coverageStartDate" : "2015-07-22",
      "coverageEndDate" : "2015-08-22"
    } ]
  }
}