{
  "containerDefinitions": [
    {
      "memory": 1400,
      "portMappings": [
        {
          "hostPort": 8080,
          "containerPort": 8080,
          "protocol": "tcp"
        }
      ],
      "essential": true,
      "entryPoint": ["sh"],
      "mountPoints": [],
      "name": "readbp-service-container",
      "environment": [
        { "name" : "ENVIRONMENT", "value" : "%ENVIRONMENT%"},
        { "name" : "ENVIRONMENT_STACK", "value" : "%ENVIRONMENT_STACK%"}
      ],
      "links": [],
      "image": "652299490072.dkr.ecr.ap-southeast-2.amazonaws.com/medibank-digital/readbp-service:%IMAGE_VERSION%",
      "command": ["-c","java -Dspring.profiles.active=%ENVIRONMENT% -jar /medibank/service/readbp-service.jar","./start-server.sh"]
    }
  ],
  "volumes": []
}
