[
        {
            "type": "payments",
            "id": "12300023",
            "_links": {
                "self": {
                    "href": "/api/v1/policies/123456/payments/12300023"
                }
            },
            "transactionTypeCode": "Paid",
            "transactionType": "Payment",
            "transactionDate": "21-04-2015",
            "paymentAmount": 200.29,
            "paymentMethod": "Manual - Credit Card",
            "paymentDueDate": "21-06-2015",
            "coverageStartDate": "21-04-2015",
            "coverageEndDate": "21-05-2015"
        },
        {
            "type": "payments",
            "id": "12300022",
            "_links": {
                "self": {
                    "href": "/api/v1/policies/123456/payments/12300022"
                }
            },
            "transactionTypeCode": "Paid",
            "transactionType": "Payment",
            "transactionDate": "21-03-2015",
            "paymentAmount": 200.29,
            "paymentMethod": "Direct Debit",
            "paymentDueDate": "21-06-2015",
            "coverageStartDate": "21-03-2015",
            "coverageEndDate": "21-04-2015"
        }
]