{
    "accounts":[
        {
            "payPremiums": {
                "id": "C9999",
                "type": "accounts",
                "accountType": "CreditCard",
                "_links": {
                    "self": {
                        "href": "/api/v1/members/678910/accounts/C9999"
                    }
                },
                "cardRefID": "C9999",
                "cardType": "VISA",
                "cardHolderName": "Sam Customer",
                "paymentCardID": "9999************999",
                "cardToken": "QXCeId-U2XXxyLADfNZ-kBMZ",
                "cardExpiry": "2019-03",
                "share": {
                    "amount": 565.5,
                    "percentage": 100
                }
            },
            "receiveBenefits": {
                "type": "accounts",
                "accountType": "Bank",
                "_links": {
                    "self": {
                        "href": "/api/v1/members/678910/accounts/B9999"
                    }
                },
                "bankAccountRefID": "B9999",
                "bsb": "999-999",
                "accountNo": "9999999999999",
                "accountHolderName": "Sam Customer"
            }
        }]
}
