{
  "swagger" : "2.0",
  "info" : {
    "description" : "Medibank Loyalty API - ReadBP Service",
    "version" : "1.0.0-SNAPSHOT",
    "title" : "Medibank Digital Integration Services - ReadBP Service"
  },
  "host" : "localhost",
  "basePath" : "/",
  "tags" : [ {
    "name" : "get-bp-financial-status-controller-impl",
    "description" : "Get BP Financial Status Controller Impl"
  }, {
    "name" : "read-bp-controller-impl",
    "description" : "Read BP Controller Impl"
  } ],
  "paths" : {
    "/api/loyalty/v1/businessPartnerHW" : {
      "get" : {
        "tags" : [ "read-bp-controller-impl" ],
        "summary" : "Reads a Business Partner by ID",
        "operationId" : "readbpUsingGET",
        "consumes" : [ "application/json" ],
        "produces" : [ "application/json" ],
        "parameters" : [ {
          "name" : "RequestID",
          "in" : "header",
          "description" : "RequestID",
          "required" : false,
          "type" : "string"
        }, {
          "name" : "bpid",
          "in" : "query",
          "description" : "bpid",
          "required" : true,
          "type" : "string"
        } ],
        "responses" : {
          "200" : {
            "description" : "Success",
            "schema" : {
              "$ref" : "#/definitions/ReadBPResponse"
            }
          },
          "400" : {
            "description" : "Failure on bad request",
            "schema" : {
              "$ref" : "#/definitions/Error"
            }
          },
          "401" : {
            "description" : "Unauthorized"
          },
          "403" : {
            "description" : "Forbidden"
          },
          "404" : {
            "description" : "Not Found"
          }
        }
      },
      "options" : {
        "tags" : [ "read-bp-controller-impl" ],
        "summary" : "Reads a Business Partner by ID",
        "operationId" : "readbpUsingOPTIONS",
        "consumes" : [ "application/json" ],
        "produces" : [ "application/json" ],
        "parameters" : [ {
          "name" : "RequestID",
          "in" : "header",
          "description" : "RequestID",
          "required" : false,
          "type" : "string"
        }, {
          "name" : "bpid",
          "in" : "query",
          "description" : "bpid",
          "required" : true,
          "type" : "string"
        } ],
        "responses" : {
          "200" : {
            "description" : "Success",
            "schema" : {
              "$ref" : "#/definitions/ReadBPResponse"
            }
          },
          "400" : {
            "description" : "Failure on bad request",
            "schema" : {
              "$ref" : "#/definitions/Error"
            }
          },
          "401" : {
            "description" : "Unauthorized"
          },
          "204" : {
            "description" : "No Content"
          },
          "403" : {
            "description" : "Forbidden"
          }
        }
      }
    },
    "/api/loyalty/v1/businessPartnerHW/{bpid}/burnIndicator" : {
      "get" : {
        "tags" : [ "get-bp-financial-status-controller-impl" ],
        "summary" : "Participant Loyalty Point Burn Information",
        "operationId" : "burnIndicatorUsingGET",
        "consumes" : [ "application/json" ],
        "produces" : [ "application/json" ],
        "parameters" : [ {
          "name" : "bpid",
          "in" : "path",
          "description" : "bpid",
          "required" : true,
          "type" : "string"
        }, {
          "name" : "RequestID",
          "in" : "header",
          "description" : "RequestID",
          "required" : false,
          "type" : "string"
        } ],
        "responses" : {
          "200" : {
            "description" : "Success",
            "schema" : {
              "$ref" : "#/definitions/GetBPFinancialStatusBurnResponse"
            }
          },
          "400" : {
            "description" : "Failure on bad request",
            "schema" : {
              "$ref" : "#/definitions/Error"
            }
          },
          "401" : {
            "description" : "Unauthorized"
          },
          "403" : {
            "description" : "Forbidden"
          },
          "404" : {
            "description" : "Not Found"
          }
        }
      },
      "options" : {
        "tags" : [ "get-bp-financial-status-controller-impl" ],
        "summary" : "Participant Loyalty Point Burn Information",
        "operationId" : "burnIndicatorUsingOPTIONS",
        "consumes" : [ "application/json" ],
        "produces" : [ "application/json" ],
        "parameters" : [ {
          "name" : "bpid",
          "in" : "path",
          "description" : "bpid",
          "required" : true,
          "type" : "string"
        }, {
          "name" : "RequestID",
          "in" : "header",
          "description" : "RequestID",
          "required" : false,
          "type" : "string"
        } ],
        "responses" : {
          "200" : {
            "description" : "Success",
            "schema" : {
              "$ref" : "#/definitions/GetBPFinancialStatusBurnResponse"
            }
          },
          "400" : {
            "description" : "Failure on bad request",
            "schema" : {
              "$ref" : "#/definitions/Error"
            }
          },
          "401" : {
            "description" : "Unauthorized"
          },
          "204" : {
            "description" : "No Content"
          },
          "403" : {
            "description" : "Forbidden"
          }
        }
      }
    },
    "/api/loyalty/v1/businessPartnerHW/{bpid}/earnIndicator" : {
      "get" : {
        "tags" : [ "get-bp-financial-status-controller-impl" ],
        "summary" : "Participant Loyalty Point Earn Information",
        "operationId" : "earnIndicatorUsingGET",
        "consumes" : [ "application/json" ],
        "produces" : [ "application/json" ],
        "parameters" : [ {
          "name" : "bpid",
          "in" : "path",
          "description" : "bpid",
          "required" : true,
          "type" : "string"
        }, {
          "name" : "RequestID",
          "in" : "header",
          "description" : "RequestID",
          "required" : false,
          "type" : "string"
        } ],
        "responses" : {
          "200" : {
            "description" : "Success",
            "schema" : {
              "$ref" : "#/definitions/GetBPFinancialStatusEarnResponse"
            }
          },
          "400" : {
            "description" : "Failure on bad request",
            "schema" : {
              "$ref" : "#/definitions/Error"
            }
          },
          "401" : {
            "description" : "Unauthorized"
          },
          "403" : {
            "description" : "Forbidden"
          },
          "404" : {
            "description" : "Not Found"
          }
        }
      },
      "options" : {
        "tags" : [ "get-bp-financial-status-controller-impl" ],
        "summary" : "Participant Loyalty Point Earn Information",
        "operationId" : "earnIndicatorUsingOPTIONS",
        "consumes" : [ "application/json" ],
        "produces" : [ "application/json" ],
        "parameters" : [ {
          "name" : "bpid",
          "in" : "path",
          "description" : "bpid",
          "required" : true,
          "type" : "string"
        }, {
          "name" : "RequestID",
          "in" : "header",
          "description" : "RequestID",
          "required" : false,
          "type" : "string"
        } ],
        "responses" : {
          "200" : {
            "description" : "Success",
            "schema" : {
              "$ref" : "#/definitions/GetBPFinancialStatusEarnResponse"
            }
          },
          "400" : {
            "description" : "Failure on bad request",
            "schema" : {
              "$ref" : "#/definitions/Error"
            }
          },
          "401" : {
            "description" : "Unauthorized"
          },
          "204" : {
            "description" : "No Content"
          },
          "403" : {
            "description" : "Forbidden"
          }
        }
      }
    }
  },
  "definitions" : {
    "ReadBPResponse" : {
      "type" : "object",
      "properties" : {
        "BirthDate" : {
          "type" : "string"
        },
        "ChangeStateId" : {
          "type" : "string"
        },
        "EmailURI" : {
          "type" : "string"
        },
        "FamilyName" : {
          "type" : "string"
        },
        "GivenName" : {
          "type" : "string"
        },
        "HWUser" : {
          "$ref" : "#/definitions/HWUser"
        },
        "ID" : {
          "type" : "string"
        },
        "PolicyAssignedIndicator" : {
          "type" : "string"
        },
        "Telephone" : {
          "$ref" : "#/definitions/Telephone"
        },
        "UserRegisteredIndicator" : {
          "type" : "string"
        }
      },
      "description" : "ReadBP Response object"
    },
    "GetBPFinancialStatusEarnResponse" : {
      "type" : "object",
      "properties" : {
        "BPID" : {
          "type" : "string"
        },
        "BaseHWEarnIndicator" : {
          "type" : "boolean"
        },
        "HICAPSEarnIndicator" : {
          "type" : "boolean"
        },
        "PartnerEarnIndicator" : {
          "type" : "boolean"
        }
      },
      "description" : "Get BP Financial Status Earn Response object"
    },
    "Telephone" : {
      "type" : "object",
      "properties" : {
        "CountryCode" : {
          "type" : "string"
        },
        "NumberText" : {
          "type" : "string"
        }
      },
      "description" : "SAP Telephone object"
    },
    "HWUser" : {
      "type" : "object",
      "properties" : {
        "ActiveIndicator" : {
          "type" : "string"
        },
        "ConsentApprovalDateTime" : {
          "type" : "string"
        },
        "CreationDateTime" : {
          "type" : "string"
        },
        "ID" : {
          "type" : "string"
        }
      },
      "description" : "SAP HWUser object"
    },
    "Error" : {
      "type" : "object",
      "properties" : {
        "errorCode" : {
          "type" : "string"
        },
        "errorDescription" : {
          "type" : "string"
        }
      },
      "description" : "Generic Error Object"
    },
    "GetBPFinancialStatusBurnResponse" : {
      "type" : "object",
      "properties" : {
        "BPID" : {
          "type" : "string"
        },
        "BurnIndicator" : {
          "type" : "boolean"
        }
      },
      "description" : "Get BP Financial Status Burn Response object"
    }
  }
}