{
  "$schema": "http://json-schema.org/draft-04/schema",
  "extends":{"$ref":"resource"},
  "type": "object",
  "properties": {
    "type": {
      "type": "string"
    },
    "summaryCode": {
      "type": "string"
    },
    "responseCode": {
      "type": "string"
    },
    "desc": {
      "type": "string"
    },
    "settlementDate": {
      "type": "string",
      "format": "date"
    },
    "amount": {
      "type": "number"
    },
    "policyRef": {"$ref":"resourceLink"},
    "cardToken": {
      "type": "string"
    },
    "cardHolderName": {
      "type": "string"
    },
    "orderNum": {"type": "string"}
  },
  "required": [
    "type",
    "summaryCode",
    "responseCode",
    "desc",
    "settlementDate",
    "amount",
    "policyRef",
    "cardToken",
    "cardHolderName"
  ]
}