{
    "$schema":"http://json-schema.org/draft-04/schema",

    "title":"Payment Schedule",
    "description":"A list of payments for a policy within a specified time interval.",
    "type":"object",
    "javaType":"com.medibank.digital.api.model.PaymentSchedule",
    "properties":{
        "policyRef":{"$ref":"resourceLink"},
          "startDate":{"type":"string","pattern":"^[0-9]{4}-[0-9]{2}-[0-9]{2}$"},
          "endDate":{"type":"string","pattern":"^[0-9]{4}-[0-9]{2}-[0-9]{2}$"},
          "limit":{"type":"integer"},
        "payments":{
            "type":"array",
            "items":{"$ref":"payment"}
        }
    }
}
