{
    "$schema":"http://json-schema.org/draft-04/schema",

    "title":"Payment",
    "type":"object",
    "javaType":"com.medibank.digital.api.model.Payment",
    "extends":{"$ref":"resource"},
    "properties":{
        "type":{"type":"string","default":"payments"},
          "status":{"type":"string"},
          "transactionType":{"type":"string"},
          "transactionDate":{
                  "type":"string","pattern":"^[0-9]{4}-[0-9]{2}-[0-9]{2}$"},
          "paymentAmount":{"type":"number"},
          "paymentMethod":{"type":"string"},
          "coverageStartDate":{
                  "type":"string","pattern":"^[0-9]{4}-[0-9]{2}-[0-9]{2}$"},
          "coverageEndDate":{
                  "type":"string","pattern":"^[0-9]{4}-[0-9]{2}-[0-9]{2}$"},
          "dueDate":{
                  "type":"string","pattern":"^[0-9]{4}-[0-9]{2}-[0-9]{2}$"}
    },
    "required":["type"]
}
