{
    "$schema": "http://json-schema.org/draft-04/schema",
    "medium":{
           "type":"object",
           "javaType":"com.medibank.digital.api.model.Medium",
            "additionalProperties":{
                "type":"object",
               "javaType":"com.medibank.digital.api.model.MediumEntry",
            "properties":{
                   "preference":{"type":"boolean"},
                   "updateable":{"type":"boolean"}
                }
        }
    },

    "title":"Contact subresource",
    "type":"object",
    "extends":{"$ref":"resource"},
    "properties":{
        "type":{"type":"string","default":"contact"},
        "preferredPhone":{"type":"string"},
        "sensitiveInformationProtection":{"type":"boolean"},
        "residentialAddress":{"$ref":"address"},
        "mailingAddress":{"$ref":"address"},
        "mailingAddressSameAsResidential":{"type":"boolean"},
        "homePhone":{"$ref":"phone"},
        "workPhone":{"$ref":"phone"},
        "mobilePhone":{"$ref":"phone"},
        "email":{"type":"string"},
        "facsimile":{
            "type":"object",
            "properties":{
                "countryCode":{"type":"string"},
                "faxNumber":{"type":"string"}
            }
        },
        "preferences":{
            "type":"object",
            "additionalProperties": {"$ref":"#/medium"}
        }
    }, 
    "required":["type"]
}
