{
  "$schema": "http://json-schema.org/draft-04/schema",

  "type"       : "object",
  "javaType"   : "com.medibank.digital.api.model.correspondence.Insert",
  "properties" : {
    "id"        : { "type" : "string"  },
    "clientKey" : { "type" : "string"  },
    "name"      : { "type" : "string"  },
    "filename"  : { "type" : "string"  },
    "pages"     : { "type" : "integer" },
    "disabled"  : { "type" : "boolean" },
    "content"   : { "$ref" : "correspondenceContent" },
    "preview"   : { "$ref" : "correspondenceContent" }
  },

  "required" : [ "id", "name", "filename", "pages" ]
}