{ 
  "$schema": "http://json-schema.org/draft-04/schema",

  "correspondenceItem":{
    "type"       : "object",
    "extends"    : { "$ref" : "resource" },
    "javaType"   : "com.medibank.digital.api.model.CorrespondenceItem",
    "properties" : {
      "id"          : { "type" : "string" },
      "type"        : { "type" : "string", "default":"correspondence" },
      "timestamp"   : { "type" : "string" },
      "status"      : { "type" : "string" },
      "typeCode"    : { "type" : "string" },
      "description" : { "type" : "string" },
      "channelId"   : { "type" : "string" }
    },
    "required":["type"]
  },

  "description" : "A collection of correspondence items",
  "type"        : "object",
  "javaType"    : "com.medibank.digital.api.model.CorrespondenceList",
  "properties"  : {
    "items" : {
      "type"  : "array",
      "items" : { "$ref" : "#/correspondenceItem" }
    }
  }
}
