{
  "$schema": "http://json-schema.org/draft-04/schema",

  "document" : {
    "type"       : "object",
    "javaType"   : "com.medibank.digital.api.model.correspondence.Document",
    "properties" : {
      "id"        : { "type" : "string"  },
      "name"      : { "type" : "string"  },
      "published" : { "type" : "string"  },
      "pages"     : { "type" : "integer" },
      "content"   : { "$ref" : "correspondenceContent" }
    },
    "required" : [ "id", "name", "published", "pages" ]
  },

  "type"       : "object",
  "extends"    : { "$ref" : "resource" },
  "javaType"   : "com.medibank.digital.api.model.correspondence.Correspondence",
  "properties" : {
    "id"       : { "type" : "string"     },
    "document" : { "$ref" : "#/document" },
    "inserts"  : {
      "type"  : "array",
      "items" : { "$ref" : "correspondenceInsert" }
    }
  },

  "required" : [ "id", "document" ]
}