{
  "$schema": "http://json-schema.org/draft-04/schema",

  "title":"individual",
  "description":"Representation of an individual as a policy member",
  "type":"object",
  "javaType":"com.medibank.digital.api.model.Individual",
  "properties":{
    "birthDate":{"type":"string","format":"date"},
    "gender":{"type":"string"},
    "medicareNumber":{"type":"string"},
    "medicareIRN":{"type":"integer"},
    "medicareValidTo":{"type":"string","format":"date"},
    "name":{"$ref":"name"},
    "residencyStatus":{"type":"string"},
    "tenureDuration":{
      "years":{"type":"string"},
      "months":{"type":"string"},
      "days":{"type":"string"}
    },
    "priorityIndicator":{"type":"boolean"},
    "priorityStatusReason":{"type":"string"}
  }
}
