{
   "$schema": "http://json-schema.org/draft-04/schema",

      "memberRelationship":{
          "type": "object",
          "javaType": "com.medibank.digital.api.model.MemberRelationship",
          "description": "Details of a related member (typically an employer)",
        "properties":{
            "memberRef":{"$ref":"resource"},
            "id":{"type":"string"},
            "type":{"type":"string","default":"members"},
            "code":{"type":"string"},
            "employeeNumber":{"type":"string"},
            "employeeDepartment":{"type":"string"}
        },
        "required":["id","type"]
    },

   "type": "object",
   "javaType": "com.medibank.digital.api.model.MemberV2",
   "description": "A Member",
   "extends":{"$ref":"resource"},
   "properties": {
        "id": {"type":"string"},
        "status": {"type": "string"},
        "changeStateId": {"type": "string"},
        "type": {"type":"string", "default":"members"},
        "individual":{"$ref":"individual"},
        "organization":{"$ref":"organization"},
        "contact": {"$ref":"contact"},
        "relationships":{
            "type":"array",
            "items":{"$ref":"#/memberRelationship"}
        },
       "memberTypes": {
         "type": "array",
         "items": {"type":"string"}
       },
       "policies":{
         "type":"array",
         "items":{"$ref":"basicPolicySummary"}
       }
   },
      "required": ["id", "type"]
}
