{
  "$schema": "http://json-schema.org/draft-04/schema#",
  "id": "http://jsonschema.net",
  "type": "object",
  "properties": {
    "memberNo": {
      "id": "memberNo",
      "type": "string"
    },
    "email": {
      "id": "email",
      "type": "string"
    },
    "firstName": {
      "id": "firstName",
      "type": "string"
    },
    "lastName": {
      "id": "lastName",
      "type": "string"
    },
    "dateOfBirth": {
      "id": "dateOfBirth",
      "type": "string"
    }
  },
  "required": [
    "memberNo",
    "email",
    "firstName",
    "lastName",
    "dateOfBirth"
  ]
}