{
    "$schema": "http://json-schema.org/draft-04/schema",

    "type": "object",
    "javaType": "com.medibank.digital.api.model.PostCorrespondenceRequest",
    "description": "Sends a request for a correspondence document to be manually generated and delivered to the customer either by email or post",
    "properties": {
            "policyId":{"type":"string"},
            "statementType":{"type":"string"},
            "financialYear":{"type":"integer"},
            "deliveryMethod":{"type":"string"}
    }
}
