{
  "$schema": "http://json-schema.org/draft-04/schema",
  "type": "object",
  "javaType": "com.medibank.digital.api.model.PostDirectDebitCreditCard",
  "description": "Structure to register a credit card payment method and optionally set payment frequency in a async manner",
  "properties": {
    "cardToken": {
      "type": "string"
    },
    "paymentFrequency": {
      "type": "string"
    },
    "effectiveDate": {
      "type": "string",
      "format": "date"
    },
    "deductionDay": {
      "type": "string"
    },
    "policyId": {
      "type": "string"
    },
    "bpId": {
      "type": "string"
    }
  }
}
