{
  "$schema"     : "http://json-schema.org/draft-04/schema",
  "type"        : "object",
  "javaType"    : "com.medibank.digital.api.model.youngadults.ValidatePolicyRequest",

  "title"       : "Young Adults - Validate Policy Request",
  "description" : "POST request payload for validating a member and policy outside of an OMS login context.",

  "properties" : {

    "token"            : { "type" : "string", "description" : "Captcha token for Google verification. Beep-boop, I'm not a robot." },
    "membershipNumber" : { "type" : "string", "description" : "Policy ID to verify and retrieve." },
    "firstName"        : { "type" : "string", "description" : "First name of the authorised member." },
    "lastName"         : { "type" : "string", "description" : "Last name of the authorised member." },
    "dateOfBirth"      : {
      "type"        : "string",
      "pattern"     : "^([0-9]{4})-(0[1-9]|1[0-2])-(0[1-9]|[1-2][0-9]|3[0-1])$",
      "description" : "Date String in the format of 'yyyy-mm-dd'."
    }

  },

  "required" : [ "token", "membershipNumber", "firstName", "lastName", "dateOfBirth" ],
  "additionalProperties" : false
}