{
  "$schema"     : "http://json-schema.org/draft-04/schema",
  "type"        : "object",
  "javaType"    : "com.medibank.digital.api.model.youngadults.UpdateMembersRequest",

  "title"       : "Young Adults - Update members details request.",
  "description" : "Request payload for updating the Young Adult status and email address for child members.",

  "properties"  : {

    "children" : {
      "type"        : "array",
      "description" : "An array of dependents on the current policy who are within the 'Young Adult' age bracket.",
      "minItems"    : 1,
      "items"       : { "$ref" : "youngAdultsForm" }
    }

  },

  "additionalProperties" : false
}