{
  "$schema"     : "http://json-schema.org/draft-04/schema",
  "type"        : "object",
  "javaType"    : "com.medibank.digital.api.model.youngadults.YoungAdultForm",

  "title"       : "Young Adults - Form Data.",
  "description" : "Form data payload used to capture required information on a Young Adult member.",

  "properties"  : {

    "id"        : { "type" : "string",  "description" : "BPID of the child." },
    "etag"      : { "type" : "string",  "description" : "eTag value for the child's member details." },
    "name"      : { "type" : "string",  "description" : "The child's first name (optional)." },
    "birthDate" : { "type" : "string",  "description" : "The child's date of birth." },
    "age"       : { "type" : "integer", "description" : "The child's age." },
    "gender"    : {
      "description" : "The child's gender.",
      "enum"        : [
        "MALE",
        "FEMALE",
        "UNKNOWN"
      ]
    },

    "isStudent"  : { "type" : "boolean", "description" : "Is the child a student?" },
    "email"      : { "type" : "string",  "description" : "The child's email address." },
    "mobile"     : {
      "type"        : "string",
      "pattern"     : "^(04|05)[0-9]{8}$",
      "description" : "The mobile phone number of the child."
    },
    "intent"     : {
      "description" : "The intent of the parent to remove the child from the policy, or keep them on with loading.",
      "enum"        : [
        "KEEP",
        "REMOVE"
      ]
    },

    "declaredBy" : { "type" : "string",  "description" : "The BPID of the member who performed the last update." },
    "lastUpdate" : {
      "type"        : "string",
      "pattern"     : "^([0-9]{4})-(0[1-9]|1[0-2])-(0[1-9]|[1-2][0-9]|3[0-1])T([0-1][0-9]|2[0-3]):[0-5][0-9]:[0-5][0-9](\\.[0-9]+)?(Z|[+-](0[0-9]|1[0-9]|2[0-4]):[0-5][0-9])?$",
      "description" : "The date and time of when this child's information was last updated (e.g. 2015-06-25T09:42:00.517Z)."
    },

    "registered" : { "type" : "boolean", "description" : "Is the child registered for OMS?" },
    "hasMobile"  : { "type" : "boolean", "description" : "Does the child already have a mobile phone number set?" },
    "hasEmail"   : { "type" : "boolean", "description" : "Does the child already have an email address set?" }

  },

  "required" : [ "id", "etag", "age" ]
}