{
  "$schema"     : "http://json-schema.org/draft-04/schema",
  "type"        : "object",
  "javaType"    : "com.medibank.digital.api.model.youngadults.ValidatePolicyResponse",

  "title"       : "Young Adults - Validate Policy Response",
  "description" : "Response payload from validating a member and policy outside of an OMS login context.",

  "properties" : {

    "id"           : { "type" : "string",  "description" : "Business Partner ID of the verified parent." },
    "firstName"    : { "type" : "string",  "description" : "First name of the verified parent." },
    "lastName"     : { "type" : "string",  "description" : "Last name of the verified parent." },
    "registered"   : { "type" : "boolean", "description" : "A flag to indicate if the parent is registered for OMS." },
    "upToDate"     : { "type" : "boolean", "description" : "A flag to indicate if the policy when all children are up to date." },
    "isCorporate"  : { "type" : "boolean", "description" : "A flag to indicate if the policy has a Master Policy attached." },
    "isCompatible" : { "type" : "boolean", "description" : "A flag to indicate if the policy allows a FWAC scale change." },
    "isFWACScale"  : { "type" : "boolean", "description" : "A flag to indicate if the policy is on a FWAC scale or not." },

    "children" : {
      "type"        : "array",
      "description" : "An array of dependents on the current policy who are within the 'Young Adult' age bracket.",
      "items"       : { "$ref" : "youngAdultsForm" }
    },

    "price" : {
      "type"        : "object",
      "javaType"    : "com.medibank.digital.api.model.youngadults.PremiumPrices",
      "title"       : "Young Adults - Premium Price Information",
      "description" : "Provides current and expected (with FWAC scale applied) premium prices for a policy.",
      "properties"  : {
        "frequency" : { "type" : "string",  "description" : "The existing payment frequency for the policy (e.g. 'MONTHLY')." },
        "current"   : { "type" : "number",  "description" : "The current price already paid for the policy." },
        "adjusted"  : { "type" : "number",  "description" : "The expected price, once the FWAC scale has been applied." }
      },
      "required" : [ "frequency", "current", "adjusted" ],
      "additionalProperties" : false
    }

  },

  "additionalProperties" : false
}