{
  "$schema": "http://json-schema.org/draft-04/schema",
  "title": "Token Use Response",
  "type": "object",
  "properties": {
    "expiryDate": {
      "type": "string",
      "format": "date"
    },
    "tokenType": {"type": "string"},
    "createdAt": {
      "type": "string",
      "format": "date"
    },
    "tokenProperties": {
      "type": "object",
      "javaType": "com.medibank.digital.api.model.TokenProperties",
      "properties": {},
      "additionalProperties": true
    }
  },
  "additionalProperties": false
}