{  
    "$schema": "http://json-schema.org/draft-04/schema",

        "description": "Address",
        "type":"object",
        "javaType":"com.medibank.digital.api.model.Address",
        "properties":{
          "id":{"type":"string"},
            "serviceDeliveryType":{"type":"string"},
            "deliveryPointID":{"type":"string"},
            "addressLine1":{"type":"string"},
            "addressLine2":{"type":"string"},
            "addressLine3":{"type":"string"},
            "postCode":{"type":"string"},
            "townName":{"type":"string"},
            "state":{"type":"string"},
            "stateCode":{"type":"string"},
            "countryCode":{"type":"string"}
        }
}