{
  "$schema": "http://json-schema.org/draft-04/schema",

  "title":"AuditEvent",
  "type":"object",
  "javaType":"com.medibank.digital.api.model.AuditEvent",
  "properties":{
    "eventType":{"type":"string",
      "description":"Audit event category"},
    "eventSubType":{"type":"string",
      "description":"Audit event sub-category"},
    "success":{"type":"boolean",
      "description":"Success indicator"},
    "auditMessage":{"type":"string",
      "description":"Audit message specific for each category event sub-category"},
    "auditStructuredData":{"type":"string",
      "description":"Audit information presented in the structured way"},
    "transactionId":{"type":"string",
      "description":"System generated ID for the end-to-end transaction"},
    "trackingId":{"type":"string",
      "description":"Client generated ID for the end-to-end transaction"},
    "creationTime":{"type":"string",
      "description":"Timestamp of the start of the end-to-end transaction.",
      "pattern":"([0-9]{4})-(0[1-9]|1[0-2])-(0[1-9]|[1-2][0-9]|3[0-1])T([0-1][0-9]|2[0-3]):[0-5][0-9]:[0-5][0-9](.[0-9]+)?(Z|[+-](0[0-9]|1[0-9]|2[0-4]):[0-5][0-9])?"},
    "clientId":{"type":"string",
      "description":"Id of the client invoking the API."},
    "sessionId":{"type":"string",
      "description":"Id of the client session."},
    "userId":{"type":"string",
      "description":"Id of the session user."},
    "bpId":{"type":"string",
      "description":"BP Id of the session user."},
    "X-Forwarded-For":{"type":"string",
      "description":"Originating IP address or IP address chain."},
    "loggingSystem":{"type":"string",
      "description":"The system sending this event."},
    "loggingComponent":{"type":"string",
      "description":"The system component sending this event."}
  }
}
