{
  "$schema": "http://json-schema.org/draft-04/schema",
  "title": "Basic Policy Summary (should be a subset of Policy)",
  "type": "object",
  "javaType": "com.medibank.digital.api.model.BasicPolicySummary",
  "extends": {
    "$ref": "resource"
  },
  "properties": {
    "type": {
      "type": "string",
      "default": "policies"
    },
    "status": {
      "type": "string"
    },
    "futurePolicy": {
      "type": "boolean"
    },
    "startDate": {
      "type": "string",
      "pattern": "^[0-9]{4}-[0-9]{2}-[0-9]{2}$"
    },
    "effectiveDt": {
      "type": "string",
      "pattern": "^[0-9]{4}-[0-9]{2}-[0-9]{2}$"
    },
    "prodOptcode": {
      "type": "string"
    },
    "productName": {
      "type": "string"
    },
    "personJoinDt": {
      "type": "string",
      "pattern": "^[0-9]{4}-[0-9]{2}-[0-9]{2}$"
    }
  },
  "required": [
    "type"
  ]
}
