{  
    "$schema": "http://json-schema.org/draft-04/schema",

    "type": "object",
    "javaType":"com.medibank.digital.api.model.CreditCardAccount",
    "extends":{"$ref":"paymentAccount"},
    "properties": {
       "cardRefID":{"type":"string"},
       "cardType": { "type": "string" },
       "cardHolderName": { "type": "string" },
       "paymentCardID": { "type": "string" },
       "cardToken": { "type": "string" },
       "cardExpiry": { "type": "string" },
       "validityPeriod": {"$ref": "validityPeriod"}
   }
}
