{
   "$schema": "http://json-schema.org/draft-04/schema",

    "errorDetail":{
        "type":"object",
        "javaType":"com.medibank.digital.api.model.ErrorDetail",
        "properties":{
            "errorCode":{"type":"string"},
            "errorDescription":{"type":"string"},
            "errorSeverity":{"type":"string"},
            "errorStackTrace":{"type":"string"}
        }
    },
    "title":"error",
    "type":"object",
    "javaType":"com.medibank.digital.api.model.Error",
    "properties":{
         "errorCode": {"type":"string"},
         "errorDescription": {"type":"string"},
         "details":{
                "type":"array",
                "items":{"$ref":"#/errorDetail"}
         }
    },
  "required": ["errorCode", "errorDescription"]
}