{
   "$schema": "http://json-schema.org/draft-04/schema",

    "title":"LogEvent",
    "type":"object",
    "javaType":"com.medibank.digital.api.model.LogEvent",
    "properties":{
        "transactionId":{"type":"string",
                "description":"System generated ID for the end-to-end transaction"},    
        "trackingId":{"type":"string",
                "description":"Client generated ID for the end-to-end transaction"},    
        "creationTime":{"type":"string",
                "description":"Timestamp of the start of the end-to-end transaction.",
                     "pattern":"([0-9]{4})-(0[1-9]|1[0-2])-(0[1-9]|[1-2][0-9]|3[0-1])T([0-1][0-9]|2[0-3]):[0-5][0-9]:[0-5][0-9](.[0-9]+)?(Z|[+-](0[0-9]|1[0-9]|2[0-4]):[0-5][0-9])?"},
        "txnState":{"type":"string",
                "description":"The state of the transaction."},
        "clientId":{"type":"string",
                "description":"Id of the client invoking the API."},
        "sessionId":{"type":"string",    
                "description":"Id of the client session."},
        "userId":{"type":"string",    
                "description":"Id of the session user."},
        "bpId":{"type":"string",    
                "description":"BP Id of the session user."},
        "X-Forwarded-For":{"type":"string",
                "description":"Originating IP address or IP address chain."},                
        "operation":{"type":"string",
                "description":"Operation triggering this transaction. For an HTTP request, would be the VERB and URL. For SOAP would be the WSDL operation."},
        "entityType":{"type":"string",
                "description":"Type of entity that the transaction is operating. For HTTP this is the resource type (e.g. policies)."},
        "entityID":{"type":"string",
                "description":"ID of the primary entity the transaction is operating on (e.g. P1234)."},
        "loggingSystem":{"type":"string",
                "description":"The system sending this event."},
        "loggingComponent":{"type":"string",
                "description":"The system component sending this event."},
        "loggingInstance":{"type":"string",
                "description":"The component instance sending this event."},
        "payloadType":{"type":"string"},
        "payload":{"type":"string"},
        "esbLatency":{"type":"string",
                "description":"Latency for ESB calls."},
        "error":{"$ref":"error"}
    }
}
