{  
    "$schema": "http://json-schema.org/draft-04/schema",

    "title":"PaymentAccount",
    "description":"Abstract account to be extended by concrete types such as bankAccount and creditCardAccount.",
    "type":"object",
    "javaType":"com.medibank.digital.api.model.PaymentAccount",
    "extends":{"$ref":"resource"},
    "properties":{
        "type":{"type":"string","default":"accounts"},
        "ignoreThisProperty_1":{"$ref":"bankAccount"},
        "ignoreThisProperty_2":{"$ref":"creditCardAccount"},
        "ignoreThisProperty_3":{"$ref":"payrollAccount"},
        "ignoreThisProperty_4":{"$ref":"chequeAccount"}
    },
    "required":["type"]
}
