{
    "$schema":"http://json-schema.org/draft-04/schema",

    "title":"Policy Summary (should be a subset of Policy)",
   "type":"object",
    "javaType":"com.medibank.digital.api.model.PolicySummary",
   "extends":{"$ref":"resource"},
   "properties":{
        "type":{"type":"string","default":"policies"},
      "status": {"type":"string"},
      "futurePolicy": {"type":"boolean"},
      "startDate": {
                  "type":"string",
                  "pattern":"^[0-9]{4}-[0-9]{2}-[0-9]{2}$"
        },
        "member":{
           "extends":{"$ref":"resource"},
            "type":"object",
            "javaType":"com.medibank.digital.api.model.MemberSummary",
            "properties":{
                "type":{"type":"string","default":"members"},
                "name":{"type":"string"},
                "partyStatus":{"type":"string"},
                "partyType":{"type":"string"},
                "partyRole":{
                    "type":"array",
                    "items":{"type":"string"}
                }
            },
            "required":["type"]
        },
        "product":{
            "extends":{"$ref":"resource"},
            "type":"object",
            "javaType":"com.medibank.digital.api.model.ProductSummary",
            "properties":{
                "type":{"type":"string","default":"products"},
                "name":{"type":"string"},
                "scale":{"type":"string"},
                "state":{"type":"string"}
            },
            "required":["type"]
        }
    },
    "required":["type"]
}
