{ 
  "$schema": "http://json-schema.org/draft-04/schema",
  "type":"object",
  "javaType":"com.medibank.digital.api.model.Resource",
  "properties":{
      "id":{"type":"string"},
      "_links":{
            "type":"object",
            "properties":{
                "self":{
                    "type":"object",
                    "properties":{
                        "href":"string",
                        "title":"string"
                    }
                },
                "first":{
                    "type":"object",
                    "properties":{
                        "href":"string",
                        "title":"string"
                    }
                },
                "prev":{
                    "type":"object",
                    "properties":{
                        "href":"string",
                        "title":"string"
                    }
                },                                
                "next":{
                    "type":"object",
                    "properties":{
                        "href":"string",
                        "title":"string"
                    }
                },
                "last":{
                    "type":"object",
                    "properties":{
                        "href":"string",
                        "title":"string"
                    }
                }                
            }
        }
   }
}
