[
    {
        "ParameterKey": "EcsInstanceType",
        "ParameterValue": "t2.large"
    },
    {
        "ParameterKey": "KeyName",
        "ParameterValue": "devs"
    },
    {
        "ParameterKey": "readbpServiceHostedZoneName",
        "ParameterValue": "digidev.ha-medibank.com."
    },
    {
        "ParameterKey": "readbpServiceEcrArn",
        "ParameterValue": "arn:aws:ecr:ap-southeast-2:652299490072:repository/medibank-digital/readbp-service"
    },
    {
        "ParameterKey": "Environment",
        "ParameterValue": "%ENVIRONMENT%"
    },
    {
        "ParameterKey": "AppVersion",
        "ParameterValue": "%DOCKER_IMAGE_VERSION%"
    },
    {
        "ParameterKey": "VpcId",
        "ParameterValue": "vpc-45538120"
    },
    {
        "ParameterKey": "SubnetIds",
        "ParameterValue": "subnet-75ab1c10"
    },
    {
        "ParameterKey": "ELBSubnetIds",
        "ParameterValue": "subnet-72ab1c17"
    },
    {
        "ParameterKey": "AsgDesiredSize",
        "ParameterValue": "1"
    },
    {
        "ParameterKey": "EcsAppDesiredSize",
        "ParameterValue": "1"
    },
    {
        "ParameterKey": "EcsPort",
        "ParameterValue": "8080"
    },
    {
        "ParameterKey": "EcsContainerPort",
        "ParameterValue": "8080"
    },
    {
        "ParameterKey": "ElbPort",
        "ParameterValue": "443"
    },
    {
        "ParameterKey": "ElbScheme",
        "ParameterValue": "internet-facing"
    },
    {
        "ParameterKey": "EcsContainerMemory",
        "ParameterValue": "1400"
    },
    {
        "ParameterKey": "EcsServiceDeploymentMaxPercent",
        "ParameterValue": "200"
    },
    {
        "ParameterKey": "EcsServiceDeploymentMinHealthyPercent",
        "ParameterValue": "0"
    },
    {
        "ParameterKey": "ElbProtocol",
        "ParameterValue": "HTTPS"
    },
    {
        "ParameterKey": "ElbSSLCertificateArn",
        "ParameterValue": "arn:aws:acm:ap-southeast-2:652299490072:certificate/97a033ec-8f6a-4055-921e-07fb934c46c3"
    },
    {
        "ParameterKey": "ElbHealthCheckTarget",
        "ParameterValue": "TCP:22"
    },
    {
        "ParameterKey": "SourceCidr",
        "ParameterValue": "0.0.0.0\/0"
    },
    {
        "ParameterKey": "ElbAllowedInboundSourceSG",
        "ParameterValue": "sg-3952c35c"
    },
    {
        "ParameterKey": "ElbSecurityGroups",
        "ParameterValue": "sg-3952c35c,sg-d4594cb1,sg-a07a8dc6"
    },
    {
        "ParameterKey": "EcsInstanceSecurityGroups",
        "ParameterValue": "sg-d7594cb2,sg-bf77e4da"
    },
    {
        "ParameterKey": "HttpProxy",
        "ParameterValue": "http://proxy.aws.medibank.local:8080"
    },
    {
        "ParameterKey": "HttpsProxy",
        "ParameterValue": "http://proxy.aws.medibank.local:8080"
    },
    {
        "ParameterKey": "NoProxy",
        "ParameterValue": "169.254.169.254,169.254.170.2,/var/run/docker.sock"
    },
    {
        "ParameterKey": "EcsContainerName",
        "ParameterValue": "readbp-service-container"
    },
    {
        "ParameterKey": "EcsLogsS3BucketArn",
        "ParameterValue": "arn:aws:s3:::mbd-ecs-logs*"
    },
    {
        "ParameterKey": "EcsToolsBucketArn",
        "ParameterValue": "arn:aws:s3:::mbd-ecs-tools*"
    },
    {
        "ParameterKey": "EcsToolsBucket",
        "ParameterValue": "mbd-ecs-tools"
    },
    {
        "ParameterKey": "SSHAccessGroupArn",
        "ParameterValue": "arn:aws:iam::652299490072:group/EcsSSHAccess"
    },
    {
        "ParameterKey": "SSHAllowedPublicKeysArn",
        "ParameterValue": "arn:aws:iam::652299490072:user/*"
    }
]
