{
  "channel" : "RETAIL",
  "quoteNumber" : "Q12345",
  "commencementDate" : "2015-06-25",
  "scale" : "COUPLE",
  "state" : "VIC",
  "paymentFrequency" : "MONTHLY",
  "concessionCode" : "PENSIONERCARD",
  "corporateAgreementID" : "345433",
  "agrIncomeType" : "COUPLE",
  "agrIncomeTier" : 2,
  "applicants" : [ {
    "memberID" : "C123",
    "dateOfBirth" : "1980-06-25",
    "applicantType" : "MAIN",
    "lhcLoading" : 10.0,
    "lhcAgeOfEntry" : 32
  }, {
    "memberID" : "C456",
    "dateOfBirth" : "1977-06-25",
    "applicantType" : "PARTNER",
    "lhcLoading" : 10.0,
    "lhcAgeOfEntry" : 33
  } ],
  "options" : [ {
    "selected" : true,
    "productCode" : "P0001",
    "excessCode" : "E06",
    "campaignID" : [ "FLYBUYS", "FITBIT" ]
  }, {
    "selected" : false,
    "productCode" : "P0003",
    "excessCode" : "E07",
    "campaignID" : [ "FITBIT" ]
  } ]
}