{
  "type": "quote",
  "quoteNumber": "Q12345",
  "paymentFrequency": "MONTHLY",
  "appliedLHC": 10,
  "appliedAGR": 5,
  "corporateAgreementID": "A12345",
  "options": [
    {
      "optionID": "O1234",
      "selected": true,
      "productCode": "P0001",
      "excessCode": "E06",
      "campaignID": [
        "FLYBUYS",
        "FITBIT"
      ],
      "premiums": [
        {
          "premiumType": "CURRENT",
          "discount": 15,
          "subsidyAmount": 8,
          "lhcLoading": 2,
          "agrAmount": 15,
          "netPrice": 155.5
        },
        {
          "premiumType": "FUTURE",
          "premiumStartDate": "2015-09-25",
          "discount": 10,
          "subsidyAmount": 5,
          "lhcLoading": 5,
          "agrAmount": 10,
          "netPrice": 155.5
        }
      ],
      "cover": [
        {
          "coverID": "C100",
          "coverType": "HOSPITAL",
          "premiumType": "CURRENT",
          "premiumNetPrice": 125.5
        },
        {
          "coverID": "C200",
          "coverType": "EXTRAS",
          "premiumType": "FUTURE",
          "premiumNetPrice": 125.5
        }
      ]
    },
    {
      "optionID": "O5678",
      "selected": false,
      "productCode": "P0002",
      "excessCode": "E07",
      "campaignID": [
        "FITBIT"
      ],
      "premiums": [
        {
          "premiumType": "CURRENT",
          "discount": 15,
          "subsidyAmount": 8,
          "lhcLoading": 2,
          "agrAmount": 15,
          "netPrice": 155.5
        },
        {
          "premiumType": "FUTURE",
          "premiumStartDate": "2015-09-25",
          "discount": 10,
          "subsidyAmount": 5,
          "lhcLoading": 5,
          "agrAmount": 10,
          "netPrice": 155.5
        }
      ],
      "cover": [
        {
          "coverID": "C100",
          "coverType": "HOSPITAL",
          "premiumType": "CURRENT",
          "premiumNetPrice": 125.5
        },
        {
          "coverID": "C200",
          "coverType": "EXTRAS",
          "premiumType": "FUTURE",
          "premiumNetPrice": 125.5
        }
      ]
    }
  ],
  "_links": {
    "self": {
      "href": "http://medibank.com.au/api/v1/payments/quote/Q12345"
    }
  }
}