{
  "type" : "contact",
  "sensitiveInformationProtection" : false,
  "residentialAddress" : {
    "addressLine1" : "31 Smith St",
    "postCode" : "3000",
    "townName" : "Melbourne",
    "state" : "VIC",
    "countryCode" : "AU"
  },
  "mailingAddress" : {
    "addressLine1" : "PO Box 31415",
    "postCode" : "3000",
    "townName" : "Melbourne",
    "state" : "VIC",
    "countryCode" : "AU"
  },
  "homePhone" : {
    "countryCode" : "AU",
    "phoneNumber" : "03 555 1234"
  },
  "mobilePhone" : {
    "countryCode" : "AU",
    "phoneNumber" : "0410555123"
  },
  "preferences" : {
    "marketing" : {
      "phone" : {
        "preference" : false,
        "updateable" : true
      },
      "post" : {
        "preference" : true,
        "updateable" : false
      },
      "email" : {
        "preference" : true,
        "updateable" : true
      },
      "sms" : {
        "preference" : false,
        "updateable" : true
      }
    },
    "service" : {
      "phone" : {
        "preference" : false,
        "updateable" : true
      },
      "post" : {
        "preference" : true,
        "updateable" : false
      },
      "email" : {
        "preference" : true,
        "updateable" : true
      },
      "sms" : {
        "preference" : false,
        "updateable" : true
      }
    },
    "publication" : {
      "phone" : {
        "preference" : false,
        "updateable" : true
      },
      "post" : {
        "preference" : true,
        "updateable" : false
      },
      "email" : {
        "preference" : true,
        "updateable" : true
      },
      "sms" : {
        "preference" : false,
        "updateable" : true
      }
    }
  },
  "_links" : {
    "self" : {
      "href" : "http://medibank.com.au/api/v1/members/29dccc3c/contact"
    }
  }
}
