{
  "items" : [ {
    "type" : "correspondence",
    "timestamp" : "2015-03-01T09:04:08.00+10:00",
    "status" : "TBD",
    "typeCode" : "W01",
    "description" : "Dunno whatever",
    "channelId" : "email",
    "id" : "c3d4b5c3",
    "_links" : {
      "self" : {
        "href" : "http://medibank.com.au/api/v1/members/25d2a9b9/correspondence/c3d4b5c3"
      }
    }
  }, {
    "type" : "correspondence",
    "timestamp" : "2015-03-01T09:04:08.00+10:00",
    "status" : "TBD",
    "typeCode" : "W01",
    "description" : "Dunno whatever",
    "channelId" : "email",
    "id" : "578bde4a",
    "_links" : {
      "self" : {
        "href" : "http://medibank.com.au/api/v1/members/75300326/correspondence/578bde4a"
      }
    }
  }, {
    "type" : "correspondence",
    "timestamp" : "2015-03-01T09:04:08.00+10:00",
    "status" : "TBD",
    "typeCode" : "W01",
    "description" : "Dunno whatever",
    "channelId" : "email",
    "id" : "6c38f4ed",
    "_links" : {
      "self" : {
        "href" : "http://medibank.com.au/api/v1/members/d9d8cf60/correspondence/6c38f4ed"
      }
    }
  }, {
    "type" : "correspondence",
    "timestamp" : "2015-03-01T09:04:08.00+10:00",
    "status" : "TBD",
    "typeCode" : "W01",
    "description" : "Dunno whatever",
    "channelId" : "email",
    "id" : "75520440",
    "_links" : {
      "self" : {
        "href" : "http://medibank.com.au/api/v1/members/538592bd/correspondence/75520440"
      }
    }
  }, {
    "type" : "correspondence",
    "timestamp" : "2015-03-01T09:04:08.00+10:00",
    "status" : "TBD",
    "typeCode" : "W01",
    "description" : "Dunno whatever",
    "channelId" : "email",
    "id" : "e323adf9",
    "_links" : {
      "self" : {
        "href" : "http://medibank.com.au/api/v1/members/841ebd9a/correspondence/e323adf9"
      }
    }
  }
  ]
}
