{
  "id"        : "06458640692",
  "clientKey" : "34842387",
  "name"      : "Tax Statement Information Insert",
  "filename"  : "/path/to/tax_insert_2016_06_01_0001.pdf",
  "pages"     : "6",
  "content"   : {
    "type" : "pdf",
    "data" : "base64;U28gc2FkIHRoYXQgaXQgc2hvdWxkIGNvbWUgdG8gdGhpcw==",
    "size" : {
      "unit"  : "Kilobytes",
      "value" : "1024"
    }
  },
  "preview"   : {
    "type" : "png",
    "data" : "base64;V2UgdHJpZWQgdG8gd2FybiB5b3UgYWxsLCBidXQgb2ggZGVhci4uLg=="
  }
}