{
  "id" : "1000154864735483",

  "document" : {
    "id"        : "06448640654",
    "name"      : "Tax Statement",
    "published" : "01/06/2016",
    "pages"     : "2",
    "content"   : {
      "type" : "pdf",
      "size" : {
        "unit"  : "Bytes",
        "value" : "420"
      }
    }
  },

  "inserts" : [
    {
      "id"        : "06458640692",
      "clientKey" : "34842387",
      "name"      : "Tax Statement Information Insert",
      "filename"  : "/path/to/tax_insert_2016_06_01_0001.pdf",
      "pages"     : "6",
      "disabled"  : "false",
      "content"   : {
        "type" : "pdf",
        "size" : {
          "unit"  : "Kilobytes",
          "value" : "1024"
        }
      },
      "preview"   : {
        "type" : "png",
        "data" : "base64;V2UgdHJpZWQgdG8gd2FybiB5b3UgYWxsLCBidXQgb2ggZGVhci4uLg=="
      }
    }
  ]
}