{
  "$schema": "http://json-schema.org/draft-04/schema",
  "type": "object",
  "javaType": "com.medibank.digital.api.model.Eventlog",
  "extends": {
    "$ref": "resource"
  },
  "description": "Eventlog Structure",
  "properties": {
    "id": {
      "type": "string",
      "description": "Unique ID for this event, generated by Eventlog."
    },
    "type": {
      "type": "string",
      "default": "events"
    },
    "tag": {
      "type": "string",
      "description": "The tag (or name) of the event, assigned by the event source."
    },
    "sourceTime": {
      "type": "string",
      "description": "The source timestamp of the event - RFC3339 Nanosecond format."
    },
    "source": {
      "type": "string",
      "description": "The source of the event, assigned by the event source."
    },
    "entityRef": {
      "type": "string",
      "description": "A reference to an entity or resource associated with the event."
    },
    "context": {
      "type": "object",
      "description": "Unstructured additional properties associated with this event type."
    }
  }
}