{
  "page": {
    "index": 1,
    "id": "-1",
    "intro": "${name}, your recommended cover is",
    "title": "Basic Hospital and Basic Extras",
    "subtitle": "Why this cover?",
    "description": "Based on what you told us about yourself, we think this cover will best support your current and future health needs. Find out more about why we've recommended this cover and read a summary of the key health benefits below.",
    "priceTitle": "What you can expect to pay",
    "quoteTitle": "See the full list of benefits and get a personalised quote",
    "primaryActionText": "Find out more about this cover",
    "primaryActionUrl": "https://www.medibank.com.au/health-insurance/cover/basic-hospital-basic-extras/",
    "secondaryActionTitle": "Not what you're looking for? Browse the full range of options for ",
    "secondaryActionText": "hospital & extras",
    "secondaryActionUrl": "https://www.medibank.com.au/health-insurance/hospital-extras-cover/",
    "disclaimer": "*Prices displayed for singles in NSW entitled to a 26.791% Australian Government Rebate. Hospital prices assume nil Lifetime Health Cover loading and $500 excess (unless otherwise stated). Waiting periods may apply including 12 months for pre-exisiting conditions and some dental services. Minimum payment frequency is fortnightly."
  },
  "hospital": {
    "index": 1,
    "id": "hospitalEssentials",
    "shortCode": "HSEN",
    "productType": "Hospital",
    "description": "These are the recommended hospital services included in your cover",
    "categories": [
      {
        "index": 1,
        "id": "1",
        "title": "Shoulder and knee reconstruction surgery & investigations",
        "description": "It is recommended to have physiotherapy cover if you and/or members of your family have any of the below conditions.",
        "whyTitle": "We think this is important to you because you told us:",
        "whyText" : [
          "You have hip and/or knee arthritis",
          "Are over the age 54",
          "You have a high BMI",
          "You have difficulty preforming activities of daily living"
        ]
      },
      {
        "index": 2,
        "id": "2",
        "title": "Appendicitis treatment",
        "description": "It is recommended to have physiotherapy cover if you and/or members of your family have any of the below conditions.",
        "whyTitle": "We think this is important to you because you told us:",
        "whyText": [
          "You have hip and/or knee arthritis",
          "Are over the age 54",
          "You have a high BMI",
          "You have difficulty preforming activities of daily living"
        ]
      },
      {
        "index": 3,
        "id": "3",
        "title": "Removal of tonsils & adenoids",
        "description": "It is recommended to have physiotherapy cover if you and/or members of your family have any of the below conditions.",
        "whyTitle": "We think this is important to you because you told us:",
        "whyText": [
          "You have hip and/or knee arthritis",
          "Are over the age 54",
          "You have a high BMI",
          "You have difficulty preforming activities of daily living"
        ]
      }
    ],
    "productName": "Basic Hospital",
    "priceWeek": "15.78",
    "priceMonth": "68.65"
  },
  "extras": {
    "index": 1,
    "id": "basic_extras",
    "shortCode": "HNEB",
    "productType": "Extras",
    "description": "These are the recommended extras services included in your cover",
    "categories": [
      {
        "index": 1,
        "id": "1",
        "title": "Chiropractic & Osteopathy",
        "description": "It is recommended to have physiotherapy cover if you and/or members of your family have any of the below conditions.",
        "whyTitle": "We think this is important to you because you told us:",
        "whyText": [
          "You have hip and/or knee arthritis",
          "Are over the age 54",
          "You have a high BMI",
          "You have difficulty preforming activities of daily living"
        ]
      },
      {
        "index": 2,
        "id": "2",
        "title": "Physiotherapy",
        "description": "It is recommended to have physiotherapy cover if you and/or members of your family have any of the below conditions.",
        "whyTitle": "We think this is important to you because you told us:",
        "whyText": [
          "You have hip and/or knee arthritis",
          "Are over the age 54",
          "You have a high BMI",
          "You have difficulty preforming activities of daily living"
        ]
      }
    ],
    "productName": "Basic Extras",
    "priceWeek": "7.67",
    "priceMonth": "33.35"
  }
}
