<?xml version="1.0" encoding="UTF-8"?>

<configuration>

    <property name="LOG_DIR" value="build/logs/"/>
    <property name="MAX_HISTORY" value="5"/>
    <property name="SERVICE_NAME" value="Loyalty Service - CreateBP"/>
    <property name="MAX_FILE_SIZE" value="100MB"/>
    <property name="LOG_MESSAGE_PATTERN" value="%-5level %d [%thread] %logger{36}: %msg%n"/>

    <appender name="STDOUT" class="ch.qos.logback.core.ConsoleAppender">
        <encoder>
            <pattern>${LOG_MESSAGE_PATTERN}</pattern>
        </encoder>
    </appender>

    <appender name="SPLUNK" class="com.splunk.logging.HttpEventCollectorLogbackAppender">
        <url>http://10.170.45.67:8088/services/collector"</url>
        <token>DB6510BA-475D-4AA9-818D-FAE68FBBB56A</token>
        <disableCertificateValidation>true</disableCertificateValidation>
        <batch_size_count>1</batch_size_count>
        <layout class="ch.qos.logback.classic.PatternLayout">
            <pattern>${LOG_MESSAGE_PATTERN}</pattern>
        </layout>
    </appender>

    <appender name="FILE" class="ch.qos.logback.core.rolling.RollingFileAppender">

        <file>${LOG_DIR}/${SERVICE_NAME}.log</file>

        <rollingPolicy class="ch.qos.logback.core.rolling.SizeAndTimeBasedRollingPolicy">
            <fileNamePattern>${LOG_DIR}/${SERVICE_NAME}-%d{yyyy-MM-dd, Australia/Melbourne}.%i.log</fileNamePattern>
            <maxFileSize>10MB</maxFileSize>
            <maxHistory>30</maxHistory>
            <totalSizeCap>10GB</totalSizeCap>
        </rollingPolicy>

        <append>true</append>

        <encoder>
            <pattern>%date{"yyyy-MM-dd HH:mm:ss,SSS", Australia/Melbourne} [%thread] %-5level %logger{35} - %msg%n
            </pattern>
        </encoder>

    </appender>

    <root level="info">
        <appender-ref ref="FILE"/>
        <appender-ref ref="STDOUT"/>
        <appender-ref ref="SPLUNK" />
    </root>

</configuration>