{
  "providers" : [ {
    "id" : "P123",
    "personName" : {
      "firstName" : "John",
      "lastName" : "Snow"
    },
    "memberChoice" : true,
    "address" : {
      "addressLine1" : "Office 1",
      "addressLine2" : "Level 15",
      "addressLine3" : "250 Collins St.",
      "postCode" : "3000",
      "townName" : "Melbourne",
      "state" : "VIC"
    },
    "practices" : [ {
      "code" : "01",
      "description" : "General Medicine"
    }, {
      "code" : "02",
      "description" : "Pathology"
    }, {
      "code" : "03",
      "description" : "Chiropractic"
    } ]
  }, {
    "id" : "P456",
    "orgName" : "First Choice Medical Center",
    "memberChoice" : false,
    "address" : {
      "addressLine1" : "Medical Services",
      "addressLine2" : "Unit 3",
      "addressLine3" : "400 La Trobe St.",
      "postCode" : "3000",
      "townName" : "Melbourne",
      "state" : "VIC"
    },
    "practices" : [ {
      "code" : "01",
      "description" : "General Medicine"
    }, {
      "code" : "02",
      "description" : "Pathology"
    }, {
      "code" : "03",
      "description" : "Chiropractic"
    } ]
  } ],
  "_links" : {
    "self" : {
      "href" : "/api/v1/claims/providers?postcode=3000&page_number=1"
    },
    "first" : {
      "href" : "/api/v1/claims/providers?postcode=3000"
    },
    "prev" : {
      "href" : "/api/v1/claims/providers?postcode=3000"
    },
    "next" : {
      "href" : "/api/v1/claims/providers?postcode=3000&page_number=2"
    },
    "last" : {
      "href" : "/api/v1/claims/providers?postcode=3000&page_number=3"
    }
  }
}