{
  "policyNumber" : "P1234",
  "providerId" : "SP123",
  "practices" : [ {
    "practiceType" : {
      "code" : "EYE101",
      "description" : "General Medicine"
    },
    "coPaymentAmount" : 100.0,
    "serviceItems" : [ {
      "code" : "C123",
      "description" : "Service Item Desc text",
      "isValidForPolicy" : true
    }, {
      "code" : "C456",
      "description" : "Service Item Desc text",
      "isValidForPolicy" : false
    } ],
    "pharmacyItems" : [ {
      "drugBrandName" : "DrugRUS",
      "drugGenericName" : "DrugName1",
      "itemDetails" : [ {
        "code" : "D911",
        "type" : "NC233",
        "strength" : "20mg",
        "packNumberSize" : "6",
        "effectiveStartDate" : "2013-06-25",
        "effectiveEndDate" : "2019-06-25"
      }, {
        "code" : "d67fd",
        "type" : "NC76765",
        "strength" : "100mg",
        "packNumberSize" : "12",
        "effectiveStartDate" : "2012-06-25",
        "effectiveEndDate" : "2018-06-25"
      }, {
        "code" : "c347ud",
        "type" : "NC74389",
        "strength" : "50mg",
        "packNumberSize" : "24",
        "effectiveStartDate" : "2011-06-25",
        "effectiveEndDate" : "2022-06-25"
      } ]
    }, {
      "drugBrandName" : "ACME",
      "drugGenericName" : "DrugName2",
      "itemDetails" : [ {
        "code" : "D911",
        "type" : "NC233",
        "strength" : "20mg",
        "packNumberSize" : "6",
        "effectiveStartDate" : "2013-06-25",
        "effectiveEndDate" : "2019-06-25"
      }, {
        "code" : "d67fd",
        "type" : "NC76765",
        "strength" : "100mg",
        "packNumberSize" : "12",
        "effectiveStartDate" : "2012-06-25",
        "effectiveEndDate" : "2018-06-25"
      }, {
        "code" : "c347ud",
        "type" : "NC74389",
        "strength" : "50mg",
        "packNumberSize" : "24",
        "effectiveStartDate" : "2011-06-25",
        "effectiveEndDate" : "2022-06-25"
      } ]
    } ]
  }, {
    "practiceType" : {
      "code" : "EYE101",
      "description" : "Optometry"
    },
    "coPaymentAmount" : 50.0,
    "serviceItems" : [ {
      "code" : "C123",
      "description" : "Service Item Desc text",
      "isValidForPolicy" : true
    }, {
      "code" : "C456",
      "description" : "Service Item Desc text",
      "isValidForPolicy" : false
    } ],
    "pharmacyItems" : [ {
      "drugBrandName" : "DrugRUS",
      "drugGenericName" : "DrugName1",
      "itemDetails" : [ {
        "code" : "D911",
        "type" : "NC233",
        "strength" : "20mg",
        "packNumberSize" : "6",
        "effectiveStartDate" : "2013-06-25",
        "effectiveEndDate" : "2019-06-25"
      }, {
        "code" : "d67fd",
        "type" : "NC76765",
        "strength" : "100mg",
        "packNumberSize" : "12",
        "effectiveStartDate" : "2012-06-25",
        "effectiveEndDate" : "2018-06-25"
      }, {
        "code" : "c347ud",
        "type" : "NC74389",
        "strength" : "50mg",
        "packNumberSize" : "24",
        "effectiveStartDate" : "2011-06-25",
        "effectiveEndDate" : "2022-06-25"
      } ]
    }, {
      "drugBrandName" : "ACME",
      "drugGenericName" : "DrugName2",
      "itemDetails" : [ {
        "code" : "D911",
        "type" : "NC233",
        "strength" : "20mg",
        "packNumberSize" : "6",
        "effectiveStartDate" : "2013-06-25",
        "effectiveEndDate" : "2019-06-25"
      }, {
        "code" : "d67fd",
        "type" : "NC76765",
        "strength" : "100mg",
        "packNumberSize" : "12",
        "effectiveStartDate" : "2012-06-25",
        "effectiveEndDate" : "2018-06-25"
      }, {
        "code" : "c347ud",
        "type" : "NC74389",
        "strength" : "50mg",
        "packNumberSize" : "24",
        "effectiveStartDate" : "2011-06-25",
        "effectiveEndDate" : "2022-06-25"
      } ]
    } ]
  } ],
  "_links" : {
    "self" : {
      "href" : "/api/v1/claims/serviceItems?effectiveDate=2015-09-14&policyNumber=P1234&practiceTypeCode=EYE101&page_number=1"
    },
    "first" : {
      "href" : "/api/v1/claims/serviceItems?effectiveDate=2015-09-14&policyNumber=P1234&practiceTypeCode=EYE101"
    },
    "prev" : {
      "href" : "/api/v1/claims/serviceItems?effectiveDate=2015-09-14&policyNumber=P1234&practiceTypeCode=EYE101"
    },
    "next" : {
      "href" : "/api/v1/claims/serviceItems?effectiveDate=2015-09-14&policyNumber=P1234&practiceTypeCode=EYE101&page_number=2"
    },
    "last" : {
      "href" : "/api/v1/claims/serviceItems?effectiveDate=2015-09-14&policyNumber=P1234&practiceTypeCode=EYE101&page_number=3"
    }
  }
}