{
  "id" : "P123",
  "personName" : {
    "firstName" : "John",
    "lastName" : "Snow"
  },
  "memberChoice" : true,
  "validFromDate" : "2013-06-25",
  "validToDate" : "2018-06-31",
  "address" : {
    "addressLine1" : "Office 1",
    "addressLine2" : "Level 15",
    "addressLine3" : "250 Collins St.",
    "postCode" : "3000",
    "townName" : "Melbourne",
    "state" : "VIC"
  },
  "practices" : [ {
    "code" : "01",
    "description" : "General Medicine"
  }, {
    "code" : "02",
    "description" : "Pathology"
  }, {
    "code" : "03",
    "description" : "Chiropractic"
  } ],
  "_links" : {
    "self" : {
      "href" : "/api/v1/claims/providers/P123?include=type"
    }
  }
}