{
   "claims":[
      {
         "id":"235194",
         "type":"ANCILLARY",
         "referenceNumber":"392F52C98030",
         "status":"PROCESSED",
         "bonusClaim":false,
         "accountPaid":"MEMBER",
         "compensationDamage":false,
         "submissionDate":"2017-06-20",
         "processedDate":"2017-06-20",
         "sourceChannel":"OMS",
         "bpId":"4100045414",
         "paymentDate":"",
         "payTo":"MEMBER",
         "beneficiaryId":"40032373",
         "providerNumber":"0990111K",
         "providerName":"GENERIC NON MC PROVIDER - PHARMACY",
         "providerFirstName":"GENERIC",
         "providerAddressLine1":"1 MEDIBANK ST",
         "providerSuburb":"SYDNEY",
         "providerPostcode":"2000",
         "memberChoiceProvider":false,
         "practiceTypeCode":"93",
         "practiceTypeDescription":"PHARMACY",
         "items":[
            {
               "id":"1",
               "code":"A8620",
               "description":"NEURONTIN",
               "serviceDate":"2017-01-01",
               "status":"PAID",
               "scriptNumber":"50",
               "pharmacyName":"ABC 3123",
               "prescribingDoctor":"DR.MULLAR",
               "drugBrandName":"NEURONTIN",
               "drugGenericName":"NEURONTIN",
               "drugType":"CAPSULES",
               "drugStrength":"300 MG",
               "packNumberSize":"100.0000",
               "assessments":[
                  {
                     "code":"0014",
                     "description":"NO BENEFIT FOR SERVICE"
                  }
               ],
               "quantity":1,
               "chargeAmount":50.0,
               "benefitAmount":0.0,
               "bonusAmount":0.0
            }
         ],
         "totalChargeAmount":50.0,
         "discountAmount":38.3,
         "totalBonusPaidAmount":0.0,
         "totalBenefitPaidAmount":0.0,
         "totalPaidAmount":0.0,
         "patientName":"Fenton Hardy"
      },
      {
         "id":"234373",
         "type":"ANCILLARY",
         "referenceNumber":"0401009",
         "status":"PROCESSED",
         "bonusClaim":false,
         "accountPaid":"PROVIDER",
         "compensationDamage":false,
         "submissionDate":"2017-05-11",
         "processedDate":"2017-05-12",
         "sourceChannel":"MANUAL",
         "bpId":"4100045414",
         "paymentMethod":"CLAIMED_AT_PROVIDER",
         "paymentDate":"2017-05-12",
         "payTo":"PROVIDER",
         "beneficiaryId":"0084754W",
         "providerNumber":"0084754W",
         "providerName":"DR ALEX THOMAS",
         "providerFirstName":"ALEX",
         "providerAddressLine1":"U 4A NORTHERN DENTAL CENTRE",
         "providerAddressLine2":"1 DANAHER DR",
         "providerSuburb":"SOUTH MORANG",
         "providerPostcode":"3752",
         "memberChoiceProvider":true,
         "practiceTypeCode":"76",
         "practiceTypeDescription":"DENTAL",
         "items":[
            {
               "id":"1",
               "code":"311",
               "description":"REMOVAL OF A TOOTH OR PART(S) THEREOF",
               "serviceDate":"2016-07-29",
               "status":"PAID",
               "assessments":[

               ],
               "quantity":1,
               "chargeAmount":35.0,
               "benefitAmount":19.25,
               "bonusAmount":0.0
            },
            {
               "id":"2",
               "code":"331",
               "description":"ALVEOLECTOMY - PER SEGMENT",
               "serviceDate":"2016-07-29",
               "status":"PAID",
               "assessments":[

               ],
               "quantity":1,
               "chargeAmount":20.0,
               "benefitAmount":11.0,
               "bonusAmount":0.0
            }
         ],
         "totalChargeAmount":55.0,
         "discountAmount":0.0,
         "totalBonusPaidAmount":0.0,
         "totalBenefitPaidAmount":30.25,
         "totalPaidAmount":30.25,
         "patientName":"Fenton Hardy"
      }
   ],
   "moreRecordsPresent":false
}