{
  "type" : "claims",
  "id" : "12345",
  "referenceNumber" : "REF-00001",
  "status" : "2-PROCESSING",
  "processedDateTime" : "2002-05-30T09:30:10.000Z",
  "payToWho" : "MEMBER",
  "totalBonusPaidAmount" : 100.0,
  "totalBenefitPaidAmount" : 50.0,
  "totalPaidAmount" : 150.0,
  "items" : [ {
    "id" : "001",
    "code" : "39128A",
    "dateOfService" : "2015-06-25",
    "status" : "PROCESSING",
    "benefitPaidAmount" : 25.0,
    "bonusPaidAmount" : 50.0,
    "assessments" : [ {
      "code" : "001A",
      "description" : "Item Description 1"
    }, {
      "code" : "002A",
      "description" : "Item Description 2"
    } ]
  }, {
    "id" : "002",
    "code" : "40128A",
    "dateOfService" : "2015-04-25",
    "status" : "PAID",
    "benefitPaidAmount" : 25.0,
    "bonusPaidAmount" : 50.0,
    "assessments" : [ {
      "code" : "001A",
      "description" : "Item Description 1"
    }, {
      "code" : "002A",
      "description" : "Item Description 2"
    } ]
  } ],
  "policyRef" : {
    "id" : "P1234",
    "type" : "policies",
    "_link" : "/v1/policies/P1234"
  },
  "_links" : {
    "self" : {
      "href" : "/api/v1/claims/12345"
    }
  }
}