{
  "category" : "ANCILLARY",
  "practiceTypeCode" : "400089276A",
  "referenceNumber" : "REF-00001",
  "isBonusClaim" : false,
  "accountPaid" : true,
  "notionalClaim" : false,
  "patientMemberId" : "4000013838A",
  "providerNumber" : "0990111K",
  "pharmacyName" : "First Choice Pharmacy Berwick",
  "totalChargeAmount" : 40.0,
  "totalDiscountAmount" : 4.0,
  "items" : [ {
    "code" : "39128A",
    "dateOfService" : "2015-06-25",
    "toothId" : "12A",
    "pharmacyScriptNumber" : "12345",
    "prescribingDoctor" : "Dr. Strangelove",
    "quantity" : 12,
    "chargeAmount" : 10.0
  }, {
    "code" : "40128A",
    "dateOfService" : "2015-04-25",
    "toothId" : "2B",
    "pharmacyScriptNumber" : "67890",
    "prescribingDoctor" : "Dr. Bruce Banner",
    "quantity" : 6,
    "chargeAmount" : 30.0
  } ],
  "policyRef" : {
    "id" : "P1234",
    "type" : "policies",
    "_link" : "/v1/policies/P1234"
  }
}