{
  "policyRef" : {
    "id" : "P12345",
    "type" : "policies",
    "_link" : "/v1/policies/P12345"
  },
  "endDate" : "2015-09-01",
  "limit" : 5,
  "payments" : [ {
    "type" : "payments",
    "status" : "Paid",
    "transactionType" : "Payment",
    "transactionDate" : "2015-09-21T14:47:00+10:00",
    "paymentAmount" : 256.78,
    "paymentMethod" : "Direct Debit",
    "coverageStartDate" : "2015-09-21T14:47:00+10:00",
    "coverageEndDate" : "2015-08-21T14:47:00+10:00"
  }, {
    "type" : "payments",
    "status" : "Paid",
    "transactionType" : "Payment",
    "transactionDate" : "2015-10-21T14:47:00+10:00",
    "paymentAmount" : 256.78,
    "paymentMethod" : "Direct Debit",
    "coverageStartDate" : "2015-10-21T14:47:00+10:00",
    "coverageEndDate" : "2015-09-21T14:47:00+10:00"
  }, {
    "type" : "payments",
    "status" : "Paid",
    "transactionType" : "Payment",
    "transactionDate" : "2015-11-21T14:47:00+10:00",
    "paymentAmount" : 256.78,
    "paymentMethod" : "Direct Debit",
    "coverageStartDate" : "2015-11-21T14:47:00+10:00",
    "coverageEndDate" : "2015-10-21T14:47:00+10:00"
  }, {
    "type" : "payments",
    "status" : "Paid",
    "transactionType" : "Payment",
    "transactionDate" : "2015-12-21T14:47:00+10:00",
    "paymentAmount" : 256.78,
    "paymentMethod" : "Direct Debit",
    "coverageStartDate" : "2015-12-21T14:47:00+10:00",
    "coverageEndDate" : "2015-11-21T14:47:00+10:00"
  }, {
    "type" : "payments",
    "status" : "Paid",
    "transactionType" : "Payment",
    "transactionDate" : "2016-01-21T14:47:00+10:00",
    "paymentAmount" : 256.78,
    "paymentMethod" : "Direct Debit",
    "coverageStartDate" : "2016-01-21T14:47:00+10:00",
    "coverageEndDate" : "2015-12-21T14:47:00+10:00"
  } ]
}