{
  "events" : [ {
    "id" : "069d70a8",
    "type" : "events",
    "tag" : "Rate Change Viewed",
    "sourceTime" : "2016-01-02T11:56:54+11:00",
    "source" : "OMS",
    "entityRef" : "https://members.medibank.com.au/policies/99971",
    "context" : {
      "currentRate" : "200.00",
      "userId" : "c9997@medibank.com.au",
      "futureRate" : "220.00"
    }
  }, {
    "id" : "079d70a8",
    "type" : "events",
    "tag" : "Rate Change Viewed",
    "sourceTime" : "2016-02-01T12:56:54+11:00",
    "source" : "OMS",
    "entityRef" : "https://members.medibank.com.au/policies/99981",
    "context" : {
      "currentRate" : "180.00",
      "userId" : "c9998@medibank.com.au",
      "futureRate" : "192.00"
    }
  }, {
    "id" : "099d70a8",
    "type" : "events",
    "tag" : "Rate Change Viewed",
    "sourceTime" : "2016-01-02T13:56:54+11:00",
    "source" : "OMS",
    "entityRef" : "https://members.medibank.com.au/policies/99991",
    "context" : {
      "currentRate" : "330.00",
      "userId" : "c9999@medibank.com.au",
      "futureRate" : "250.00"
    }
  } ]
}