{
    "$schema":"http://json-schema.org/draft-04/schema",

    "coverage":{
        "type":"object",
        "javaType":"com.medibank.digital.api.model.Coverage",
        "properties":{
             "coverTypeCode":{"type":"string"},
             "residencyType":{"type":"string"},
             "coverTypeClassification":{"type":"string"},
             "contractTypeSubClass":{"type":"string"},
             "coverTypeName":{"type":"string"},
             "benefitStructure":{"type":"string"}
        }
    },

    "paymentCombination":{
        "type":"object",
        "javaType":"com.medibank.digital.api.model.PaymentCombination",
        "properties":{
             "paymentMethod":{"type":"string"},
             "paymentFrequency":{"type":"string"}
        }
    },

    "title":"Product",
    "type":"object",
    "javaType":"com.medibank.digital.api.model.Product",
    "extends":{"$ref":"resource"},
    "properties":{
        "type":{"type":"string","default":"products"},
          "name":{"type":"string"},
          "scale":{"type":"string"},
          "state":{"type":"string"},
          "excessCode":{"type":"string"},
          "availability":{"type":"string"},
          "package":{"type":"boolean"},
        "lifeCycle":{"type":"string"},
        "coverage":{
            "type":"array",
            "items":{"$ref":"#/coverage"}
        },
        "paymentCombinations":{
            "type":"array",
            "items":{"$ref":"#/paymentCombination"}
        }
    }
}
