{
    "$schema": "http://json-schema.org/draft-04/schema",

    "applicant":{
        "type":"array",
        "items":{
            "type":"object",
            "javaType":"com.medibank.digital.api.model.QuoteRequestApplicant",
            "properties":{
                "memberID":{"type":"string"},
                   "dateOfBirth":{"type":"string"},           
                   "applicantType":{"type":"string"},
                   "lhcLoading":{"type":"number"},
                   "lhcAgeOfEntry":{"type":"integer"}
               }
          }
     },    

    "type":"object",
    "properties":{
        "channel":{"type":"string"},
        "quoteNumber":{"type":"string"},
        "commencementDate":{"type":"string"},
        "scale":{"type":"string"},
        "state":{"type":"string"},
        "paymentFrequency":{"type":"string"},
        "concessionCode":{"type":"string"},
        "corporateAgreementID":{"type":"string"},
        "agrIncomeType":{"type":"string"},
        "agrIncomeTier":{"type":"integer"},
        "applicants":{"$ref":"#/applicant"},
        "options": {
            "type": "array",
            "items": {"$ref": "quoteOption" }
         }    
    }
}