{
    "$schema": "http://json-schema.org/draft-04/schema",

    "type":"object",
    "extends":{"$ref":"resource"},
    "properties":{
        "type":{"type":"string","default":"quote"},
        "quoteNumber":{"type":"string"},
        "paymentFrequency":{"type":"string"},
        "appliedLHC":{"type":"number"},
        "appliedAGR":{"type":"number"},
        "corporateAgreementID":{"type":"string"},
        "options": {
            "type": "array",
            "items": {"$ref": "quoteOption" }
         }
    }
}