{
  "$schema": "http://json-schema.org/draft-04/schema",
    "cover":{
    "type":"array",
    "items":{
        "type":"object",
        "javaType":"com.medibank.digital.api.model.QuoteOptionCover",
        "properties":{
            "coverID":{"type":"string"},
            "coverType":{"type":"string"},
            "premiumType":{"type":"string"},
            "premiumNetPrice":{"type":"number"}
        }
    }
    },

    "premium":{
        "type":"array",
        "items":{
            "type":"object",
            "javaType":"com.medibank.digital.api.model.QuoteOptionPremium",
            "properties":{
                   "premiumType":{"type":"string"},
                   "premiumStartDate":{"type":"string"},
                   "baseRate":{"type":"number"},
                   "discount":{"type":"number"},
                   "subsidyAmount":{"type":"number"},
                   "lhcLoading":{"type":"number"},
                   "agrAmount":{"type":"number"},
                   "netPrice":{"type":"number"}
               }
        }
    },

    "type":"object",
    "javaType":"com.medibank.digital.api.model.QuoteOption",
    "properties":{
        "optionID":{"type":"string"},
        "selected":{"type":"boolean"},
        "productCode":{"type":"string"},
        "excessCode":{"type":"string"},
            "campaignID":{
            "type":"array",
                "items":{
                    "type":"string"
                }
        },
        "premiums":{"$ref":"#/premium"},
        "cover":{"$ref":"#/cover"}
    }
}